text,label
 Установить програмное обеспечение trueconf. ,5
"Настройка АРМ ОКР. С целью организации тестирования программных продуктов РеИнформ, прошу настроить АРМ сотрудников ОКР: · Маркин Евгений Николаевич · Киселев Сергей Владимирович",8
Не работает система АС(договор+ сводки). Не работает сводки и АС договор. Просьба помочь с решением. Заранее спасибо!,36
Не устанавливается python модуль для QGIS. !image-2022-08-24-15-34-45-121.png!,5
служба x2db. В связи с ошибками в очереди службы x2db сервера Infowatch TM (172.16.12.151) необходимо выполнить сбор диагностической информации в соответствии с инструкцией разработчика програмное обеспечение.Данные диагностики прошу предоставить в Сектор ЗИ.,36
"Отдел №2. Назначение ответственного за получение паролей для работников, не имеющих почтовых ящиков в домене mggt.ru. Для SmartStaff и учеток в ЕПС",13
"проблемы с почтой . при отправке возникают разного рода ошибки ...2. пыталась направить по внутренней почте. * *С уважением,**  * ***  * *Дрынновна Гузель Жигулевовна**  * *Инженер 1 категории**  * *отдела инженерно-конструкторских исследований**  * *ГБУ «Московский городской трест**  * *геолого-геодезических и картографических работ»**  * ***  * *тел*** *: +7 (930)100 66 99**  * *e-mail:**   +[ +gkhasanova@mggt.ru+|mailto:gkhasanova@mggt.ru] +  * **** ***  _____________________________________________",3
"Не могу выбрать документы для формирования каких либо документов, при запросе АС договор не отвечает и висит    _ _С уважением, Новаковская Жанна,__   _ _Планово-экономический отдел ГБУ Мосгоргеотрест__  _ _Тел: +7(499)257-09-11, внутр. 5416__  _ _E-mail:__ [jnovakovskaya@mggt.ru|mailto:jnovakovskaya@mggt.ru]  _ _Адрес: г. Москва, ул. Зорге, д. 1, офис 710__",8
ВКС 29.08.2022. ,36
FW: #600-267647: Программное обеспечение PrinCe (ПО CHC CGO 2.0 RTK),5
"Ответственный за получение паролей: Обухов Владимир Владимирович  Список сотрудников не имеющих почтовый ящик в домене  mggt.ru:  *1.*  *Староверов Ахтунг Вемиаминович* 2.  *Рубанов Дядькин Вадимович* – у него почтовый ящик есть, но он не помнит свой пароль и логин, так как работает в основном в поле. И не может посмотреть письмо с паролем и логином для ЕПС.",13
О восстановлении пароля,13
"Восстановить пароль ЕПС Фролов П,А.",13
"Проблема при загрузке проектов растр.. Снова возникает проблема при загрузке проектных растров. На этот раз, грузила 19 год по точке.",8
Задача в система документооборота выдается с ошибкой. ,18
Служебная записка № В - 3 - 10988/22 от 23.08.2022 (установка АРМ),28
"Не получается снять заявку.    С уважением, Елисеев Татушкин ГОЗиПД  * *ГБУ ""Мосгоргеотрест»** Эл.адрес: [teliseeva@mggt.ru|mailto:eeva@mggt.ru] тел. 8(495) 055 13 66 доб. 47 47",36
"Не открываются файлы PDF. У меня не открываются файлы PDF присланные от начальства.   _С уважением,_  _Наталья Поклонская_  _ГБУ МОСГОРГЕОТРЕСТ_",36
"Не работает система документооборота, исчезли все задачи.",18
"В соответствии со служебной запиской Заместителя Управляющего Баранова А.В. от 29.08.2022 № В-АУП-11225/22, и в соответствии с приложенной служебной запиской, необходимо создать учетную запись на портале в ЕПС, почта @str.mos.ru., начальнику группы по делам ГО и ЧС Дюдону С.Е., в связи с тем, что при создании предыдущей учетной записи на @str.mos.ru. пароль для входа в почту выдан не был.  С уважением, С.У. Волонтёр,  Заместитель начальника группы по делам ГО и ЧС, Телефон: +7 (495) 111-5251 (раб.); 99-33, 54-77 (внутр.), Адрес: 124102, г.Москва, ул.Лавашкина, д.66а, оф.905",13
восстановить пароль. Прошу добавить в мой outlook учетную запись [KomlevaKS@str.mos.ru|mailto:KomlevaKS@str.mos.ru] и восстановить пароль.,3
Прошу открыть доступ к вкладке «Оперативный учет» в программе «1С Предприятие». На данный момент есть доступ к вкладкам «Органайзер» и «Учет ОС (МОЛ)»,15
система документооборота,18
Не могу отправить почту заказчику. Прошу связаться по телефону-+7(916)354-08-66 Благодарю,36
"7-ом окне группы выдачи ОДиПД не включается компьютер.Просим помочь!Спасибо!С уважением,Бурова И.Ю.ОДиПДТелефон: (495)530-20-22 доб.5651",10
В соответствии со служебной запиской В - АУП - 11225/22 от 29.08.2022 Первый отдел направляет списки активных учетных записей ЕПС:,36
восстановить пароль,3
пароль.,14
№ В - АУП - 11225/22 от 29.08.2022. В соответствии со служебной запиской № В - АУП - 11225/22 от 29.08.2022 ответственным от отдела № 3 назначен Пышкин Киркор Владимирович [kkruglov@MGGT.RU|mailto:klov@MGGT.RU] Просьба направить необходимую информацию указанному сотруднику на почту.,13
Нет подключения к почте,3
"Для корректной работы политик безопасности по контролю ""Конфиденциальной информации"", необходимо установить клиента IWT, который был ранее удален на АРМ DST00602",5
"Установка клиента IWT 7.1 на АРМ DST00602. Для корректной работы политик безопасности по контролю ""Конфиденциальной информации"", необходимо установить клиента IWT, который был ранее удален на АРМ DST00602",5
Перемещение монитора между работниками,8
"Принтер 7830_501. Не получается распечатать файл на принтере 7830_501. Коллеги говорят, что они сегодня печатали, все работало. «Устройства и принтеры» не открывается.",1
пароль для входа в база данных. Заблокировался вход в база данных. Не знаю какой пароль. Телефон Дарья,15
Служебная записка № В - 3 - 10988/22 от 23.08.2022 (установка АРМ). *установить второй монитор (нужен кабель HDMI – HDMI) к установленному АРМ.*,28
"Лист D1202 ресурса: МГГТ-Список слоев-Подземные коммуникации-Оперативный план ПК- Контрольная съемка, появляется ошибка - Рабочий набор содержит ошибки – при попытке удалить контур КГС через формуляр КГС. КС 13435-22, ИЧ 379-22. Можете помочь? Заранее спасибо.",36
"Ответственный от отдела №11 за получение паролей для работников, не имеющих почтовых ящиков в домене mggt.ru. Каменский Игорь Якобович. Прошу направить информацию в кротчайшее время   С уважением  Заместитель начальника отдела №11  Колосовский А.Э.  _ _ +7 (499) 752 90 31 доб. 12-45; 11-55__",36
Лавочкина 23,31
"Ошибка АС ""Договора"". *У меня есть заявка 9/6352=22. Я поставила ей статус в сводках АС договора «согласовано», присвоила номер тех.заключения, стала в микростанции на чертеж ставить штамп. И каждый раз вылезает вот такое сообщение.   Ничего не могу с этим сделать. В xsl файле по указанному пути много кода, разобраться не смогла что к чему и из-за чего ошибка.  Другие проекты нормально формируются, без всяких ошибок.",36
"оБ УМХЦЕВОХА ЪБРЙУЛХ  *ч - бхр - 11225/22 ПФ 29.08.2022*  ч ВХИЗБМФЕТЙЙ ПФУХФУФЧХАФ ТБВПФОЙЛЙ, ОЕ ЙНЕАЭЙЕ РПЮФПЧЩИ СЭЙЛПЧ Ч ДПНЕОЕ mggt.ru.  пФЧЕФУФЧЕООЩК ПФ ВХИЗБМФЕТЙЙ ЪБ РПМХЮЕОЙЕ РБТПМЕК ДМС ТБВПФОЙЛПЧ, ОЕ ЙНЕАЭЙИ РПЮФПЧЩИ СЭЙЛПЧ Ч ДПНЕОЕ mggt.ru. ОЕ ОБЪОБЮБЕФУС пФЧЕФУФЧЕООЩК ПФ ВХИЗБМФЕТЙЙ ЪБ РТЕДПУФБЧМЕОЙЕ УРЙУЛБ БЛФЙЧОЩИ ХЮЕФОЩИ ЪБРЙУЕК еру . – вБЪЩЛЙОБ с.б.    у ХЧБЦЕОЙЕН  оПЧБЛПЧУЛЙК ь.з. ъБН.ЗМ. ВХИЗБМФЕТБ звх «нПУЗПТЗЕПФТЕУФ» фЕМ.(ТБВ): (495) 530-20-22 (ЧОХФТ.5-308) бДТЕУ: 125040, З.нПУЛЧБ, мЕОЙОЗТбаза данныхУЛЙК РТПУРЕЛФ, Д.11",36
почтовый ящик str.mos.ru,0
единая почтовая система,13
"Подключение к рассылке от Oracle . Прошу подключить Моськину Д. Е. к рассылке от Oracle:  Работы по наряду закрыты - Работы по наряду закрыты № % Изменение статуса заказа - Положительное заключение Изменение статуса заказа - Формирование результата (согласовано) Дополнительные материалы - Получен акт по заказу 9/%.   *_С уважением,_*  *_Трошкин Николай Владимирович_*  *_Начальник группы выдачи готовых материалов ОДиПД_*  *_ГБУ ""Мосгоргеотрест""_*  *_Эл.адрес: [ *_dog@mggt.ru_*|mailto:dog@mggt.ru]_*  *_Сайт: [ *_www.mggt.ru_*|http://www.mggt.ru/]_*  *_Телефон: (495) 045 32 76 доб.0011_*",36
"Ярчука. не работает почта str.mos.ru. Прошу проверить (в пятницу уже настраивали, но до сих пор не работает).С уважением, Бубулькин Бобров ИгоревичОтдел координации деятельностиГБУ «Мосгоргеотрест» 8-495-500-20-62, доб. 7552",13
"Пожалуйста, наладьте АС Договор и сводки. Опять сбой, всё у всех висит.",15
"о замене компьютерной мыши. В связи с неисправностью компьютерной мыши сотрудника отдела №8 Придворовой Д.Ю., Прошу выдать новую мышь (если есть возможность беспроводную).",10
"АС Договор. Очень просим как можно скорее восстановить работоспособность АС «Договор». Нам без него никак.    _ _С__  _ _уважением___ _,__  _ _Алексеева__  _ _О___ _.___ _И___ _.__",36
Установка програмное обеспечение,5
"НЕТ ДОСТУПА К ТЕСТ-ГОЛОСОВАНИЮ. Не получается проголосовать. При входе через телефон пишет, что бюллетень уже получен.",36
"*У меня есть заявка 9/6352=22. Я поставила ей статус в сводках АС договора «согласовано», присвоила номер тех.заключения, стала в микростанции на чертеж ставить штамп. И каждый раз вылезает вот такое сообщение.   Ничего не могу с этим сделать. В xsl файле по указанному пути много кода, разобраться не смогла что к чему и из-за чего ошибка.  Другие проекты нормально формируются, без всяких ошибок.",36
не работает система документооборота!!,18
"№ ""В - 7 - 11020/22|Кузнецов|Антон|Сергеевич|Отдел №7|*askuznetsov*|*Yqnzucl2*|",36
Заблокирована учётная запись. ,36
"Корнакова Дарья Александровна . Корнакова Дарья Александровна новый сотрудник отдела № 3,учетная запись создана , где и как ей получить логин и пароль для входа в компьютер и в АС договопа",15
"Ошибка в система документооборота. Пропали все «Мои задачи». Ошибка в система документооборота. Пропали все «Мои задачи»      _ _С уважением,__   _ _Лапай Татьяна Александровна__   _ _Отдел инженерно-геодезических изысканий__   _ _ГБУ «Мосгоргеотрест»__  _ _тел. 8 (495) 530-20-22 (12-27)__",18
Сводки. Не работают сводки. После введения фамилии исполнителя все зависает.,36
!image-2022-08-24-15-34-45-121.png!,5
"В ответ на служебную записку В - АУП - 115/22 от 01.04.2022 сообщаю: Ответственные от АХО Зефир Х.Д., Барашкин Н.Н., Юхух Р.Ш., Шариков А.А.   _С уважением, заместитель начальника АХО_  _ГБУ «Мосгоргеотрест»_  *_Шариков Александр Александрович_*   _моб.: 8 (920) 991-31-74, вн. 6489_",36
почтовый ящик str.mos.ru. ,0
"Установка ПО. Просьба установить ПО Adobe Photoshop На машины ссс01-ссс16. Дистрибутив можно взять здесь X:\Common\PGMtry2\Programs\  Спасибо!   _С уважением,_  *_Петрова Елена Владимировна_*  _ _Инженер 2 категории отдела №7__  _ _ГБУ «Мосгоргеотрест»__  _ _Кабинет 719__",5
Прошу восстановить допуск к почтовому ящику  GoncharovaNY2@str.mos.ru,13
403 Forbidden. При переходе на сайта - mka-portal.mos.ru выдает ошибку - 403 Forbidden Возможно это исправить?  Проблема на 3х компьютерах.,36
Рассылка о регистрации в ЕПС (str.mos.ru),13
Списки. В присланном списке str.mos.ru на работников отдела №11 нет Гулько А.Д.   С уважением  Заместитель начальника отдела №11  Колосовский А.Э.  _ _ +7 (499) 257 09 11 доб. 21-54; 23-34__,13
<Пустая тема>,5
RE: Восстановление доступа сотрудников,11
Ошибка в СДО. Пропали все «Мои задачи»,18
"Прошу восстановить ранее подключенную почту ChebinaAV@str.mos.ru  С уважением, Ведущий инженер отдела №9 (ОПС) ГБУ «Мосгоргеотрест»  *_ *_Чебина Анна Виктровна_*_* т. (495) 530-20-22, доб. 1123  + +ops@mggt.ru++",13
Оживить ССС21,36
День пароль от почту для str.mos.ru.,13
Не работает сводки и АС договор. Просьба помочь с решением. Заранее спасибо!,36
<Пустая тема>,15
ошибка при отправке писем через СДО,18
"На служебную записку В - АУП - 11225/22 от 29.08.2022   Ответственный от бухгалтерии за предоставление списка активных учетных записей ЕПС . – Базыкина Я.А.. В бухгалтерии нет работников, не имеющих почтовых ящиков в домене mggt.ru. , поэтому  Ответственный за получение паролей для работников, не имеющих почтовых ящиков в домене mggt.ru. не назначается Ответственный от бухгалтерии за предоставление списка активных учетных записей ЕПС . – Базукина О.И.     С уважением  Новацкий Ш.Г. Зам.гл. бухгалтера ГБУ «Мосгоргеотрест» Тел.(раб): (495) 032-02-22 (внутр.1-008) Адрес: 100040, г.Москва, Ленинградский проспект, д.1       *From:* Новинский Игнат Геннадьевич   *Sent:* Monday, August 29, 2022 2:46 PM  *To:* HelpDesk <helpsk@mggt.ru>  *Cc:* Базыкина Яна Андреевна <yabazykina@mggt.ru>; Воронин Майкл Андреевич <mskin@mggt.ru>  *Subject:* На служебную записку В - АУП - 11225/22 от 29.08.2022 Ответственный от бухгалтерии за предоставление списка активных учетных записей ЕПС . – Базукина О..    оБ УМХЦЕВОХА ЪБРЙУЛХ  *ч - бхр - 11225/22 ПФ 29.08.2022*  ч ВХИЗБМФЕТЙЙ ПФУХФУФЧХАФ ТБВПФОЙЛЙ, ОЕ ЙНЕАЭЙЕ РПЮФПЧЩИ СЭЙЛПЧ Ч ДПНЕОЕ mggt.ru.  пФЧЕФУФЧЕООЩК ПФ ВХИЗБМФЕТЙЙ ЪБ РПМХЮЕОЙЕ РБТПМЕК ДМС ТБВПФОЙЛПЧ, ОЕ ЙНЕАЭЙИ РПЮФПЧЩИ СЭЙЛПЧ Ч ДПНЕОЕ mggt.ru. ОЕ ОБЪОБЮБЕФУС пФЧЕФУФЧЕООЩК ПФ ВХИЗБМФЕТЙЙ ЪБ РТЕДПУФБЧМЕОЙЕ УРЙУЛБ БЛФЙЧОЩИ ХЮЕФОЩИ ЪБРЙУЕК еру . – вБЪЩЛЙОБ с.б.",36
"FW: Поставка ПАКМ КриптоПро HSM. Просьба выдать оборудование и переместить в серверное помещение Лавочкина 23а, к.105.      *From:* Крюков Евгений Юрьевич <eku@MGGT.RU>   *Sent:* Wednesday, August 24, 2022 11:47 AM  *To:* Удинцев Александр Сергеевич <audintsev@mggt.ru>  *Subject:* FW: Поставка ПАКМ КриптоПро HSM    Напишите заявку. Думаю, лучше ставить на лавку, чтоб не отъедать мощности на Зорге.     *From:* Шачнева Валерия Игоревна <[vshachneva@MGGT.RU|mailto:vshachneva@MGGT.RU]>   *Sent:* Wednesday, August 24, 2022 11:45 AM  *To:* Крюков Евгений Юрьевич <[eku@MGGT.RU|mailto:eku@MGGT.RU]>  *Cc:* Гальцов Никита Сергеевич <[ngaltsov@MGGT.RU|mailto:ngaltsov@MGGT.RU]>  *Subject:* FW: Поставка ПАКМ КриптоПро HSM    Евгений, я вышла из отпуска  Вчера мне переместили ПАК на склад – можете писать заявку на helpdesk уже  Для его выдачи Вам  Спасибо  { Железяка будет оприходована на центральном складе, 22.08 будет перемещена на склад ОИиТП. Для выдачи оборудования необходимо написать заявку на  helpdesk.",8
не работает МФУ,1
"В связи с разъездном характером работы, прошу оказать содействие в настройке на смартфоне ПО для прочтения и отправки электронных писем и просмотра задач в система документооборота.",18
Сбой,15
проверить подключение кассы к интернету,31
Прошу оказать помощь в получении пароля и логина единая почтовая система Розенбаум М.Ю.,13
"Пришлите пожалуйста всю информацию для авторизации в единая почтовая система по работникам столовой.   С уважением, зав. столовой Казах Ы.И.",36
Перевести Глухарева на VDI,22
У меня пропал подкаст в «Проводнике»  Вот такой «Часто используемые заказы» Можете сделать настройку?,36
Не работает АС Договор – зависает при любом действии..(,15
заменить сборник отходов аппарат Xerox AltaLik C8035,36
"При запросе в бд 1:10000 выпадает такая ошибка,после этого перестает работать информационные ресурсы и так целый день. Прошу исправить.",37
"FW: Re[2]: Заявление №1170087 Иванова Александра Витальевна.pdf.pdf, Образец фото с паспортом и заявлением1.JPG",7
"система документооборота. Не работает система документооборота, исчезли все задачи.",18
Помощь Гришиной. Свяжитесь пожалуйста с Гришиной Татьяной (89152440736). Находится на удаленке. Просрочен пароль.,14
Прошу временно заменить подпись в «Уведомлениях о решении по ГЗ» подписанта от МКА на    Шаблон Уведомления находится в форме АС Договор ->Документы -> Акты и справки -> «Уведомление о решении по ГЗ».,36
Подключение принтера,1
"Оживить ССС21. Оживите ccc21 я не могу на него зайти, мои задачи падают.",36
техпомощь,13
 Установить ПО trueconf,5
"Не работают Интегратор и АС ""Договор""  С уважением,  Сяитова Э.А.",15
"На служебную записку В - АУП - 11225/22 от 29.08.2022   Ответственный от бухгалтерии за предоставление списка активных учетных записей ЕПС . – Базыкина Я.А.. оБ УМХЦЕВОХА ЪБРЙУЛХ  *ч - бхр - 11225/22 ПФ 29.08.2022*  ч ВХИЗБМФЕТЙЙ ПФУХФУФЧХАФ ТБВПФОЙЛЙ, ОЕ ЙНЕАЭЙЕ РПЮФПЧЩИ СЭЙЛПЧ Ч ДПНЕОЕ mggt.ru.  пФЧЕФУФЧЕООЩК ПФ ВХИЗБМФЕТЙЙ ЪБ РПМХЮЕОЙЕ РБТПМЕК ДМС ТБВПФОЙЛПЧ, ОЕ ЙНЕАЭЙИ РПЮФПЧЩИ СЭЙЛПЧ Ч ДПНЕОЕ mggt.ru. ОЕ ОБЪОБЮБЕФУС пФЧЕФУФЧЕООЩК ПФ ВХИЗБМФЕТЙЙ ЪБ РТЕДПУФБЧМЕОЙЕ УРЙУЛБ БЛФЙЧОЩИ ХЮЕФОЩИ ЪБРЙУЕК еру . – вБЪЩЛЙОБ с.б.    у ХЧБЦЕОЙЕН  оПЧБЛПЧУЛЙК ь.з. ъБН.ЗМ. ВХИЗБМФЕТБ звх «нПУЗПТЗЕПФТЕУФ» фЕМ.(ТБВ): (495) 530-20-22 (ЧОХФТ.5-308) бДТЕУ: 125040, З.нПУЛЧБ, мЕОЙОЗТбаза данныхУЛЙК РТПУРЕЛФ, Д.11",36
О выделении телефонного аппарата В - ОВБ - 11081/22. ,28
Проблема с автокад. Помогите пожалуйста решить проблему. При запуске программы выдает ошибку и закрывает файл            * *С уважением**  * *Ведущий инженер Отдела №3**  * *ГБУ «Мосгоргеотрест»**  * *Матвеев М.Ю.**,36
не работает ЭЦП,7
"В соответствии со служебной запиской Заместителя Управляющего Баранова А.В. от 29.08.2022 № В-АУП-11225/22, и в соответствии с приложенной служебной запиской, необходимо создать учетную запись на портале в единая почтовая система, почта @str.mos.ru., начальнику группы по делам ГО и ЧС Дюдону С.Е., в связи с тем, что при создании предыдущей учетной записи на @str.mos.ru. пароль для входа в почту выдан не был.  С уважением, С.У. Волонтёр,  Заместитель начальника группы по делам ГО и ЧС, Телефон: +7 (495) 111-5251 (раб.); 99-33, 54-77 (внутр.), Адрес: 124102, г.Москва, ул.Лавашкина, д.66а, оф.905",13
"подключение АРМ. · Просьба подключить АРМ в кабинете 315 Беломорская 36Д, после переезда в связи с ремонтом      С уважением,",8
"Установка программы для Гамма-спектрометра. На новый компьютер в отделе №2. Привет! Письмом, а не через портал – потому что там скриншоты прикрепляются с трудом. И никто на них потом не смотрит J. Компьютер вот такой. Новый, включен. Рядом пользователь (Гуськов Максим). Телефон 33-77. Если нужно – я тоже туда подойду.  Наконец-то (и года не прошло) появилась возможность переставить на него гамма-спектрометры со старой машины, которая на списание. Но для этого на новой машине нужен софт, сами установить его не можем. Дистрибутив вот тут:   Если сможете удаленно – поставьте, пжлст. Мы подключим к USB оба спектрометра и что-то попытаемся померять. Открыты USB или закрыты – неведомо. Они вот в таком статусе, но мне мало что говорит эта картинка (просто не знаю, какой она ДОЛЖНА быть).     Ну, или подарите мне на пару часов права локального админа на этой машине. Шалить не буду. Только установка Прогресса, и всё. J  Заранее спасибо.",5
Перевести Глухарева на VDI. len-vdi-i-02,22
пароль,13
"установка 1С. Прошу установить мне 1С В СЗ при приеме на работу это было прописано (примерно 04.05.2022),",5
о замене компьютерной мыши,10
"С начала рабочего дня очень сильно тормозит интернет, иногда соединение пропадает совсем",20
"в система документооборота МГГТ, утрачен логин, пароль. Не могу войти в система документооборота МГГТ, утрачен логин, пароль. Прошу новый пароль для входа в система документооборота. Спасибо.",12
без перезагрузки в офисе удаленный доступ не подключается . ,23
ас договор не работает. Не работают АС Договора с утра,15
"<Пустая тема>. Не работает Автокад. Очень нужен для решения производственных задач. Помогите, пожалуйста",36
"не работает СДО. По ссылке задача не открывается. В программе СДО задача также не открывается. Задача есть, исполнить не могу.  { А как открыть ссылку на эту карточку? Пишет – страница недоступна",18
"Восстановление пароля. Прошу восстановить пароль доступа к почтовому ящику  str.mos.ru, начальнику отдела №11 Душевный И.И.    С уважением  Заместитель начальника отдела №11  Красовский О.У.  _ _ +7 (499) 014 90 61 доб. 15-54; 30-34__",13
Проблема с AutoCAD. Помогите пожалуйста решить проблему. При запуске программы выдает ошибку и закрывает файл            * *С уважением**  * *Ведущий инженер Отдела №3**  * *ГБУ «Мосгоргеотрест»**  * *Матвеев М.Ю.**,36
"Прошу помочь сформировать отчет по сотруднику Ращупкиной О.Н. – заказы не загруженные в ЛК, то есть в Ас Договор в раздел Докум. с ЭЦП загружены проекты договоров, но в ЛК заказчику не попали    |",36
"Просьба установить програмное обеспечение Adobe Photoshop На машины ссс01-ссс16. Дистрибутив можно взять здесь X:\Common\PGMtry2\Programs\  Спасибо!   _С уважением,_  *_Петрова Елена Владимировна_*  _ _Инженер 2 категории отдела №7__  _ _ГБУ «Мосгоргеотрест»__  _ _Кабинет 719__",5
"Не работает отчет из АС-Договор. Не работает отчет из АС-Договор (Отчеты – оплата, акты, претензии – поступления – нет доплаты). Выдает вот такие картинки. Прошу решить вопрос.",37
"не работает многофункциональное устройство. В кабинете 104 отдела кадров не работает многофункциональное устройство, ранее направлялась заявка, приходил специалист и сказал, что необходимо заказать детали для ремонта. Сориентируйте, пожалуйста, по срокам, когда нам наладят работу многофункциональное устройство. Спасибо.",1
"Учетные данные ЕПС для первоначального входа. Прошу выдать учетную запись в Единой почтовой системе (ЕПС, почта @str.mos.ru) следующим работникам:",13
"у меня не открываются АС Договор, ничего не удается внести или поменять",15
Прошу восстановить пароль для логина ниже,11
"502  комната, Ленинградка, 23",1
"<Пустая тема>. Прошу разблокировать мой компьютер, зависла программа 1С.",10
"не работает МФУ. В кабинете 104 отдела кадров не работает МФУ, ранее направлялась заявка, приходил специалист и сказал, что необходимо заказать детали для ремонта. Сориентируйте, пожалуйста, по срокам, когда нам наладят работу МФУ. Спасибо.",1
"система документооборота МГГТ, срочно. Не работает система документооборота. Зависает. Отсутствуют записи в модуле «Мои задачи». Проблема присутствует и в канцелярии, и у других пользователей. Прошу передать администраторам.",18
не печатает принтер ,4
"У двух сотрудников моей бригады проблема с доступом к виртуальной машине. Как я понял изменился пароль и они не могут подключиться. Сотрудники  *Воропаева М. Н*. и  *Зуева Н.В.* Как я понял они связывались уже с поддержкой, но просили продублировать заявку на почту. Так же им продлили срочные контракты до апреля 2022 года. Какие то документы необходимо предоставить?   Спасбио.",22
Не включается компьютер Аношина Виктория Игоревна,10
"Получение паролей единая почтовая система. Ответственный за получение паролей: Обухов Владимир Владимирович  Список сотрудников не имеющих почтовый ящик в домене  mggt.ru:  *1.*  *Староверов Ахтунг Вемиаминович* 2.  *Рубанов Дядькин Вадимович* – у него почтовый ящик есть, но он не помнит свой пароль и логин, так как работает в основном в поле. И не может посмотреть письмо с паролем и логином для единая почтовая система.",13
Отзыв: Список активных учетных записей единая почтовая система,36
"Расчётные машины СС. зависли расчётные машины ссс02, ссс03 и ссс06",36
Прошу разблокировать данные учетные записи для удаленной работы с геологической БД на срок до 01.03.2022:,11
Отключение компьютера. У Брежневой Т.А. повторно отключился из сети без видимых причин компьютер. Просьба срочно исправить данную ситуацию.,8
Обновление аналитических отчетов,36
проблемы с отправкой писем с почты стр.мос.ру,0
"пароль от учётной записи в АС МГГТ. Забыла пароль от учётной записи в АС МГГТ, теперь учетка заблокирована. Можно восстановить?",15
"Не работает система документооборота. Зависает. Отсутствуют записи в модуле «Мои задачи». Проблема присутствует и в канцелярии, и у других пользователей. Прошу передать администраторам.",18
"FW: отгулы . У меня нет доступа к сетевой папке, куда нам дано указание складывать сканы «документов». Якобы это диск F (\\ t55)  Можно мне его подключить? (сам подключить не могу – нет доступа)    _ _С уважением, Асососов К.Ы.__      *From:* Агещева Яна Игоревна <yaagescheva@MGGT.RU>   *Sent:* Tuesday, August 30, 2022 8:27 AM  *To:* Андросов Сисичав Андрей <sandrosov@MGGT.RU>  *Subject:* RE: отгулы     Сисичав, у меня это f (\\ t55)      *From:* Адосов Сисичав Андреевич <[sandrosov@MGGT.RU|mailto:sandrosov@MGGT.RU]>   *Sent:* Tuesday, August 30, 2022 7:36 AM  *To:* Агещева Яна Игоревна <[yaagescheva@MGGT.RU|@MGGT.RU]>  *Subject:* RE: отгулы     Яна!  Так вы мне не подскажите, где находится этот диск? Я тогда напишу в «поддержку», чтобы доступ к нему дали (если у меня прав не хватит самому его подключить).    _ _С уважением, Адосов К.Ы.__      *From:* Агещева Яна Игоревна <[yaagescheva@MGGT.RU|mailto:@MGGT.RU]>   *Sent:* Monday, August 29, 2022 9:03 AM  *To:* Андросов Станислав Александрович <[sandrosov@MGGT.RU|sandrosov@MGGT.RU]>  *Subject:* RE: отгулы     Да, это не тот     *From:* Андросов Станислав Александрович <[sandrosov@MGGT.RU|mailto:sandrosov@MGGT.RU]>   *Sent:* Monday, August 29, 2022 8:34 AM  *To:* Агещева Яна Игоревна <[yaagescheva@MGGT.RU|mailto:yaagescheva@MGGT.RU]>  *Subject:* RE: отгулы     Нет, у меня он, похоже, вообще не подключён – есть только наш «общий» exchange, но это не тот, который нужен, похоже.     _ _С уважением, Андросов С.А.__      *From:* Агещева Яна Игоревна <[yaagescheva@MGGT.RU|mailto:yaagescheva@MGGT.RU]>   *Sent:* Monday, August 29, 2022 8:32 AM  *To:* Андросов Станислав Александрович <[sandrosov@MGGT.RU|mailto:sandrosov@MGGT.RU]>  *Subject:* RE: отгулы     Это полный путь У вас этот диск скорее всего по-другому называется просто      *From:* Андросов Станислав Александрович <[sandrosov@MGGT.RU|mailto:sandrosov@MGGT.RU]>   *Sent:* Monday, August 29, 2022 8:30 AM  *To:* Агещева Яна Игоревна <[yaagescheva@MGGT.RU|mailto:yaagescheva@MGGT.RU]>  *Subject:* RE: отгулы     Яна! А можете прислать полный путь? А то у меня этот диск не подключён (нет диска Z)    _ _С уважением, Андросов С.А.__      *From:* Агещева Яна Игоревна <[yaagescheva@MGGT.RU|mailto:yaagescheva@MGGT.RU]>   *Sent:* Wednesday, August 24, 2022 11:11 AM  *To:* Аркесова Наталья Анатольевна <[narkesova@mggt.ru|mailto:narkesova@mggt.ru]>; Водянова Ольга Александровна <[ovodyanova@mggt.ru|mailto:ovodyanova@mggt.ru]>; Володина Ирина Викторовна <[ivolodina@mggt.ru|mailto:ivolodina@mggt.ru]>; Колобов Александр Андреевич <[akolobov@MGGT.RU|mailto:akolobov@MGGT.RU]>; Ларчев Николай Викторович <[nlarchev@MGGT.RU|mailto:nlarchev@MGGT.RU]>; Андросов Станислав Александрович <[sandrosov@MGGT.RU|mailto:sandrosov@MGGT.RU]>; Карась Сергей Иванович <[skaras@mggt.ru|mailto:skaras@mggt.ru]>; Лесников Григорий Анатольевич <[glesnickov@mggt.ru|mailto:glesnickov@mggt.ru]>; Полетаев Евгений Андреевич <[epoletaev@MGGT.RU|mailto:epoletaev@MGGT.RU]>; Окатов Александр Петрович <[aokatov@mggt.ru|mailto:aokatov@mggt.ru]>; Птушкин Сергей Викторович <[sptushkin@mggt.ru|mailto:sptushkin@mggt.ru]>; Цыцын Алексей Иванович <[atsytsyn@mggt.ru|mailto:atsytsyn@mggt.ru]>; Прокофьев Николай Александрович <[nprokofev@mggt.ru|mailto:nprokofev@mggt.ru]>; Фетисова Татьяна Николаевна <[tfetisova@mggt.ru|mailto:tfetisova@mggt.ru]>; Шутова Ольга Евгеньевна <[oshutova@MGGT.RU|mailto:oshutova@MGGT.RU]>; Клестов Евгений Алексеевич <[eklestov@MGGT.RU|mailto:eklestov@MGGT.RU]>; Гранитов Иван Геннадьевич <[igranitov@mggt.ru|mailto:igranitov@mggt.ru]>; Бочарова Вероника Алексеевна <[vbocharova@mggt.ru|mailto:vbocharova@mggt.ru]>; Атаманова Алла Николаевна <[aatamanova@mggt.ru|mailto:aatamanova@mggt.ru]>; Захаров Вадим Викторович <[vzakharov@MGGT.RU|mailto:vzakharov@MGGT.RU]>; Раклова Ирина Вячеславовна <[iraklova@mggt.ru|mailto:iraklova@mggt.ru]>; Елисеева Ольга Борисовна <[oeliseeva@mggt.ru|mailto:oeliseeva@mggt.ru]>; Малова Любовь Григорьевна <[lmalova@mggt.ru|mailto:lmalova@mggt.ru]>; Иванова Любовь Владимировна <[livanova@mggt.ru|mailto:livanova@mggt.ru]>  *Cc:* Мальченко Наталья Владимировна <[nmalchenko@MGGT.RU|mailto:nmalchenko@MGGT.RU]>  *Subject:* отгулы     В связи с тем, что копится достаточно много бумаги с отгулами, которая занимает много места-всё будем хранить в электронном виде. Всё, что было у меня - разложено по месяцам.    * *С новыми отгулами по новой схеме: Получаете резолюцию у руководства –сканируете и кидаете в папку по группам.**   Ссылка на папку:  [Z:\EXCHANGE\отгулы|file://t55/F/EXCHANGE/отгулы]",17
"СДО МГГТ, срочно. Не работает СДО. Зависает. Отсутствуют записи в модуле «Мои задачи». Проблема присутствует и в канцелярии, и у других пользователей. Прошу передать администраторам.",18
Подключение компьютера,8
АС Договор,15
*установить второй монитор (нужен кабель HDMI – HDMI) к установленному АРМ.*,28
Подключить компьютер Григорьева А. С. В 403 кабинете.,8
Внешняя почта,13
учетная запись в базу данных,15
ошибка входа в vdi,22
Не отправляются письма. ,3
техпомощь,0
При запуске программы микростейшн появляется таблица. Простаиваю уже 1ч.30 мин. Нет возможности работать.,37
"техпомощь. Ранее учетная запись Кондрашиной С.Г. в единая почтовая система работало в системе Оutlook, однако в настоящее время нету папок с письмами.",0
необходима срочная установка электронной подписи. ,7
"Просьба решить проблему в ближайшее время, так как не могу работать",18
о переустановке ЭЦП. Прошу Вас переустановить на компьютер переустановить ЭЦП.,7
ЕПС. Семёнова Мария Владимировна <mvsemenova@MGGT.RU>нет в таблице. Просьба созать у.з епс,13
"Не включается компьютер Аношина Виктория Игоревна. Не включается в бухгалтерии каб. 817 компьютер Аношина Виктория Игоревна Выключали из розетки и сеть, ничего не помогает",10
Машкунов В.М.,37
обновить КриптоАрм,5
"FW: #600-267647: Программное обеспечение PrinCe (ПО CHC CGO 2.0 RTK). Коллеги, Прошу Вас установить на рабочие АРМы программное обеспечение, согласно заключенному контракту № 0373500001422000043 от 19.05.2022 «Поставка геодезического ГНСС оборудования». Данное ПО предназначено для постобработки спутниковых наблюдений, экспорт файлов и т.д. Дистрибутив расположен ниже по ссылке.  Установку ПО необходимо произвести на следующие АРМы работников отдела №3: {",5
бой в работе АС Договора,8
АС ДОГОВОР,15
Расходники 2й отдел,36
"единая почтовая система. У сотрудников ГПИР учетные записи в единая почтовая система активированы, но работают со сбоем!",13
ас договор висит,8
"Учетные данные единая почтовая система для первоначального входа. Прошу выдать учетную запись в Единой почтовой системе (единая почтовая система, почта @str.mos.ru) следующим работникам:",13
"Отзыв: Список активных учетных записей единая почтовая система. Пользователь Мыкушкин Ян Васильев хотел бы отозвать сообщение, ""Список активных учетных записей единая почтовая система"".",36
Ошибка подключения.,36
<Пустая тема>. ДОБРОЕ УТРО! Шмелев Д.О не может вспомнить пароль. Как быть?,11
"Не могу открыть станцию.  Посмотрите, пожалуйста.",8
Сегодня 29.08.2022 изменила пароль для входа в БД на  t34. Для входа на dvlp пароль истекает через 7 дней. Прошу оказать мне помощь в изменении пароля на  dvlp уже сегодня.,15
Прошу восстановить пароль @str.mos.ru . Прошу восстановить пароль @str.mos.ru (утрачен в 2021 г.) для входа в ЕПС,13
"сбой в АС ДОГОВОР. Прошу вас решить проблему в работе АС Договора, невозможно внести данные и закрыть сводки моментально виснет. Просьба решить проблемы. Заранее спасибо!    Название устройства: LEN-VDI-413",36
"на Ленинградском 23, на плоттере  T7200_Z2 выдает ошибку Картридж обслуживания практически полон. Замените картридж (номер изделия HP: CH649A)  И цветопередача нарушена, красный печатается фиолетовым.",1
"Удалите, пожалуйста, из СДО «Мои задачи» две задачи (скрин во вложении). Самостоятельно удалить не получается.  Спасибо",36
"Обновление аналитических отчетов. Подскажите, можно как то их обновить на актуальное время. Заранее спасибо!",36
"*Subject:* FW: Проблема в работе личного кабинета     Прошу помочь.       | ВНЕШНЯЯ програмное обеспечениеЧТА: | | Если отправитель почты неизвестен, не переходите по ссылкам, не сообщайте пароль, не запускайте вложения и сообщите коллегам из службы безопасности по адресу [ DITanishing@mos.ru|mailto:DITaishing@mos.ru] |      Возникла проблема при попытке записаться на прием через личный кабинет.   А именно в поле ""Номер договор"" автоматически предлагает выбрать нужный номер договора, при отправки заполненных данных для записи пишет об ошибке: - Введите номер договора; - Номер договора должен быть заполнен.   Прошу решить данный вопрос.",36
логин и пароль,11
Ошибка в система документооборота. Пропали все «Мои задачи»,18
"включение компьютера. при попытке подключения к удаленному доступу возникла проблема   После запускаAnyConnect, по инструкции ввела пароль и логин но выдает ошибку, в настройках галочку убрала с пункта ""Block connection to untrusted servers"", не помогло. Что делать дальше? !!!!",23
"Прошу установить электронную подпись Нахуркина Вадима Петровича Сотрудникам для выполнения кадастровых работ. Туркин А. Меладзе Т. Алимовой Д. Спасибо. Связь для подтверждения согласия с Нахуркиным В. по номеру телефона 89857331109      *From:* Единый Портал Торгов [mailto:info@ept72.ru]   *Sent:* Monday, August 29, 2022 2:15 PM  *To:* Страмков Андрей Александрович  *Subject:* Re[4]: Подготовка ЭЦП ,сотруднику Мосгоргеотресту. кадастровому инженеру Нахуркину Вадиму  *Importance:* High     ЭЦП и файл cer в архивах           С уважением,     *Единый Портал Торгов*       *+7(3452) 585-223***  *[http://ept72.ru/|http://ept72.ru/]*               Понедельник, 29 августа 2022, 11:07 +05:00 от Страпонов Айдар Александрович <[astramkov@mggt.ru|mailto:astrapov@mggt.ru]>:        Направляю документы. Спасибо.      *From:* Единый Портал Торгов [[mailto:info@ept72.ru|mailto:info@ept72.ru]]  *Sent:* Thursday, August 25, 2022 2:29 PM  *To:* Страпон Андрей Александрович  *Subject:* Re[2]: Подготовка ЭЦП ,сотруднику Мосгоргеотресту. кадастровому инженеру   Просим поставить  *подпись строго как в паспорте*  и выслать  *сканы запроса и заявления*. Факсимиле не допустимо. Подпись должна быть синего цвета. Также просьба, произвести фотоидентификацию (сделать фото) *владельца ЭЦП с подписанным заявлением и паспортом в руках* (В  *правой* руке развернутый паспорт на странице с фото, в  *левой* руке заявление). Фото должно быть качественным, чтоб текст в паспорте и заявлении четко читался.  Важно: Если Вам позвонят из УЦ Айтиком и спросят, кто Вас идентифицировал, сообщите, что  *Евгений* –  *сотрудник ООО «ЕПТ»* (это я) *.*     С уважением,     *Единый Портал Торгов*       *+7(3452) 585-223***  *[http://ept72.ru/|http://ept72.ru/]*               Среда, 24 августа 2022, 18:51 +05:00 от Страмков Андрей Александрович <[astrapv@mggt.ru|//e.mail.ru/compose/?mailto=mailto%3aastov@mggt.ru]>:         Направляю, паспорт хорошего качества.       *From:* Единый Портал Торгов [[mailto:info@ept72.ru|//e.mail.ru/compose/?mailto=mailto%3ainfo@ept72.ru]]  *Sent:* Tuesday, August 23, 2022 4:37 PM  *To:* Страмков Андрей Александрович  *Subject:* Re: Подготовка ЭЦП ,сотруднику Мосгоргеотресту. кадастровому инженеру Нахуркину Вадиму  *Importance:* High      Также просьба выслать скан или фото владельца ЭЦП  *без засветов*           С уважением,     *Единый Портал Торгов*       *+7(3452) 585-223***  *[http://ept72.ru/|http://ept72.ru/]*               Вторник, 23 августа 2022, 17:06 +05:00 от Страмков Андрей Александрович <[astramkov@mggt.ru|http://e.mail.ru/compose/?mailto=mailto%3aov@mggt.ru]>:          Дублирую сообщение о изготовление эцп. нашему кадастровому инженеру Направляю Вам данные нашего сотрудника: Нахуркин Вадим Андреевича для изготовления ЭЦП кадастрового инженера. Обязательно укажите меня в копию Страпон Пипл Александрович <[astramkov@MGGT.RU|//e.mail.ru/compose/?mailto=mailto%3aov@MGGT.RU]> Для связи мой номер  8 958 405 18 04 Для связи с Владимир  8(958)405-77-09  С уважением,  *Страмков Андрей Александрович* Отдел кадастровых работ 8(495)530-20-22 (доб. 5135)   *Государственное бюджетное учреждение города Москвы «Московский городской трест геолого-геодезических и картографических работ»*  *ГБУ «Мосгоргеотрест» © 2020*",7
"* ***  * *Не формируются финансовые документы: акты выполненных работ, счета-фактуры, счета.**  * *Просьба срочно оказать содействие, т.к. Заказчики записаны на получение работ и финансовой документации.**  * ***  * *С уважением,**",36
"Пропуск авто на 25.08.2022. По Договору 0373500001422000112 поставка состоится 25.08.2022По адресу ул. Беломорская, д. 23Автомобиль - FORD TRANSIT С552ТЕ799|*LastName*|*FirstName*|*Title*|*LID*|*PassportN*|*PassportV*|*Mobphone*||Ветохо|Александр Викторович|Водитель-экспедитор|1|45 09 703195|12.05.2008 О-нием по р-ну Южное Тушино ОУФМС России по гор. Москве в СЗАО|+79636945997|",36
"Программное обеспечение для работы с ЭП. Необходимо проверить наличие программного обеспечения для работы в СДО с ЭП.  С уважением, зав. столовой Козак А.И.",5
Получение паролей единая почтовая система,13
Не работает ЭЦП,7
проверить подключение кассы к интернету. Необходимо проверить подключение кассового аппарата АМС 300-Ф к сети интернет. Данные по кассе не передаются в налоговую с 17 августа 2022 года. Кассовый аппарат находится на первом этаже в службе одного окна.,31
После входа в единая почтовая система ( NosovDA@str.mos.ru ) выбрасывает из почты.,0
Доступ к почте SyaitovaEA@str.mos.ru,0
не запускается микростанция,15
"· Просьба подключить АРМ в кабинете 315 Беломорская 36Д, после переезда в связи с ремонтом      С уважением,",8
Снова отвалилась база данных,37
"У сотрудников ГПИР учетные записи в ЕПС активированы, но работают со сбоем!",13
единая почтовая система. Семёнова Мария Владимировна <mvsemenova@MGGT.RU>нет в таблице. Просьба созать у.з епс,13
Заблокирована учётная запись,36
"Отдел №2. Назначение ответственного за получение паролей для работников, не имеющих почтовых ящиков в домене mggt.ru. Для SmartStaff и учеток в ЕПС. Привет! Во исполнение распоряжения Балабанова А.В. о назначении ответственных.   Неожиданно в отделе №2 этот ответственный – Квадратов А.М (aktsov, т/н 256).  Активировать учетки в почте получается, зайти в приложение на mka-portal.mos.ru – не получилось ни у кого…  Если причины ошибки уже известны – отпишитесь, плз",13
"бой в работе АС Договора. Проблема с АС Договором. Не могут привязать в документы с ЭЦП «Решение о приостановке…» и другие документы. Всё висит, как в пятницу. Похоже, проблема общая.",8
"Разблокировка учетных записей. Можете, пожалуйста, разблокировать учетную запись Луниной Анны Александровны.",11
доступ к почте @str.mos.ru,13
"техпомощь. Ранее учетная запись Кондрашиной С.Г. в ЕПС работало в системе Оutlook, однако в настоящее время нету папок с письмами.",0
Активация SmartStaff. Просьба активировать мне приложение SmartStaff.,5
эцп. Просьба помочь перейти на новую электронную подпись.,7
"Не получается распечатать файл на принтере 7830_501. Коллеги говорят, что они сегодня печатали, все работало. «Устройства и принтеры» не открывается.",1
проблемы с отправкой писем с почты стр.мос.ру. Регулярно возникает такая ошибка.  Сложно отправлять письма.  !,0
"Обновить пароль. коллеги. Не могу зайти на str.mos.ru почту, так как давно ей не пользовалась. Просьба обновить пароль.  Телефон для связи 89159996622. Работаю сейчас удаленно     *_ *_C_*_*  *_ *_уважением, Миронова Анна_*_*  *_ *_Отдел подземных сооружений_*_*  *_ *_Тел. (499)723 — 11- 04 внутр. 0000_*_*  *_ *__*_*  *_ *_E-mail:_*_*   *_[ *_ amironova_* *_ @mggt.ru_* |mailto:amironova@mggt.ru] _*  *_ *__*_*   *_[ *_ mironovaaa1_* *_ @_* *_ str.mos_* *_ .ru_* |mailto:mironovaaa1@str.mos.ru] _*",13
"Б/О ""Искра""",36
"В кабинете 322 расположенный по адресу ул. Беломорская , д. 36 Д не работает телефон.",9
Программное обеспечение для работы с ЭП,5
STR. Восстановление пароля str,13
Арефьева Софья. У сотрудника группы согласования Арефьевой Софьи заблокировалась учетка.  Просьба разблокировать.   Спасибо.,11
Добрый день.  Мне необходимо восстановить доступ к @str.mos.ru,13
Важно! Срочно! ,3
Прошу восстановить допуск к почтовому ящику GoncharovaNY2@str.mos.ru,13
"По адресу Зорге, д.1. каб.710 ПЭО, на Xerox Altalink C8135 требуется заменить желтый картридж",4
"*Subject:* FW: Проблема в работе личного кабинета     Прошу помочь.       | ВНЕШНЯЯ ПОЧТА: | | Если отправитель почты неизвестен, не переходите по ссылкам, не сообщайте пароль, не запускайте вложения и сообщите коллегам из службы безопасности по адресу [ DITanishing@mos.ru|mailto:DITaishing@mos.ru] |      Возникла проблема при попытке записаться на прием через личный кабинет.   А именно в поле ""Номер договор"" автоматически предлагает выбрать нужный номер договора, при отправки заполненных данных для записи пишет об ошибке: - Введите номер договора; - Номер договора должен быть заполнен.   Прошу решить данный вопрос.",36
[GrasYA@str.mos.ru|mailto:GrasYA@str.mos.ru],13
На служебную записку В - АУП - 11225/22 от 29.08.2022   Ответственный от бухгалтерии за предоставление списка активных учетных записей ЕПС . – Базыкина Я.А.,36
"Прошу выдать учетную запись в Единой почтовой системе (единая почтовая система, почта @str.mos.ru) Щербаковой Л.А.(таб.№ 3078)    *_ *_С уважением,_*_*  *_ *__*_*  *_ *_Бандукова Зинаида Павловна_*_*   *_ *_e-mail:_*_*  *_+ *_+zkiseleva@mggt.ru+_*+_*  * ***  _____________________________________________",13
"доступ к почте @str.mos.ru. Мне необходимо восстановить доступ к почте @str.mos.ru   С уважением, Костюченко К.Е.",13
На служебную записку В - АУП - 11225/22 от 29.08.2022   Ответственный от бухгалтерии за предоставление списка активных учетных записей единая почтовая система . – Базыкина Я.А.,36
"Пользователь Мыкушкин Ян Васильев хотел бы отозвать сообщение, ""Список активных учетных записей единая почтовая система"".",36
Прошу восстановить пароль от почты LukyanovaMV2@str.mos.ru,13
случайно при смене пароля стояла русская раскладка клавиатуры. в результате смены пароля система новый пароль не принимает.,13
Удалите пожалуйста следующие учетные записи с компьютера 172.16.205.60/24 Bbabiy Dsineva Ekovalev Emaksaeva Etusnina IABDUGAPIROVA Iklimova Mvorozheykina Npatin,8
"Безопасность виндовс просит подтвердить пароль учетной записи аутлук [Kopaev@str.mos.ru|mailto:Kopaev@str.mos.ru]. Те пароли, что у меня есть, он не принимает. Помогите разобраться с проблемой. Спасибо.",8
"не печатает принтер . ПЭО (кабинет 710) просим помощи. Принтер AltaLink C 8135 – не печатает, требуется заменить сборник отходов.",4
"Добрый день, у меня не открываются АС Договор . у меня не открываются АС Договор, ничего не удается внести или поменять",15
"Тест      С Уважением, Иван.",36
системная ошибка,8
"Коллеги, В соответствии со служебной запиской Заместителя Управляющего Баранова А.В. от 29.08.2022 № В-АУП-11225/22 и в соответствии с приложенной служебной запиской, прошу Вас создать мне учетную запись на портале в ЕПС, почта @str.mos.ru.. Спасибо!",13
Отчёт. Добавьте пожалуйста столбец коэф.сложности в отчёт:,36
Проблема с microstation,15
"Картридж для принтера. Прошу заменить  желтый картридж для принтера Xerox WorkCentre 6515 в комнате №619.  С Уважением,  Инженер 2 категории группы № 1 отдела № 9 ГБУ «Мосгоргеотрест» Кирюхин Александр Михайлович [akiryukhin@mggt.ru|mailto:akkhin@mggt.ru]",4
Замена ФИО подписанта от МКА в Уведомлениях по ГЗ. К ПРЕДЫДУЩЕМУ ПИСЬМУ…. Просьба изменить ФИО с 29.08.2022г,36
Проблема с автокад,36
Не работает ПК,10
Отключение компьютера,8
СДО,36
разблокировать базу. Просьба разблокировать базу,15
эцп,7
"Виртуальная машина на тонком клиенте. Шалимовой Юлии Викторовны утром перестала работать почта, она обратилась по телефону в службу поддержки, специалист перезагрузил виртуальную машину в 10 утра, до сих пор ничего не работает. Пожалуйста настройте виртуальную машину.",3
"удаление проекта в сдо. Удалите, пожалуйста, проект служебной записки.    С уважением,  Начальник группы документооборота отдела инвентаризации и кадастровых работ ГБУ «Мосгоргеотрест»",36
Не работает ПК. На рабочем месте контролеров СПР ОВБ по адресу Ленинградский проспект д. 3 не включается ПК.  *На ПК подключена орано-пожарная сигнализация и видеонаблюдение.*   * *каб. 302**,10
В связи с ошибками в очереди службы x2db сервера Infowatch TM (172.16.12.151) необходимо выполнить сбор диагностической информации в соответствии с инструкцией разработчика програмное обеспечение.Данные диагностики прошу предоставить в Сектор ЗИ.,36
"единая почтовая система авторизация. Пришлите пожалуйста всю информацию для авторизации в единая почтовая система по работникам столовой.   С уважением, зав. столовой Казах Ы.И.",36
прислать учётные данные ЕПС,13
восстановление почтового ящика,13
Черниговская Анна не может зайти в свою учетную запись,11
Прошу восстановить пароль от диска МГГТ,21
При выполнении территориального запроса ИЧ возникает ошибка:   Сама модель в итоге пустая и ИЧ не нарезались.,36
"Прошу восстановить пароль для входа на mos.ru, начальнику группы по делам ГО и ЧС. | Духов Александр Владимирович | [DyukovAV@str.mos.ru|mailto:DovAV@str.mos.ru] |",13
Не могу подключиться к Dst00155 через rdp.,1
Прошу разблокировать мою учетную запись в АС-МГГТ.,12
Учётные записи,11
"Прошу восстановить пароль на почту [ErmakovNN@str.mos.ru|mailto:EkovNN@str.mos.ru] , т.к. по старому паролю не заходит",13
"Не сохраняются изменения (даты) в Ас Договор, виснет.",15
Не формируются финансовые документы,36
нет номера в письме,36
воронкова не может подключиться. ,8
просьба обновить Power BI Report Server – «Отдел кадастровых работ» - «Паспортизация» - «Паспортизация (Объемы для Главконтроля)».,36
почта mos.str.ru просит пароль до бесконечности и не запускает оутлук,13
"Помогите пожалуйста разблокировать учётную запись в базу данных. Пароль не помню.    _ _С уважением,__  _ _Главный специалист__  _ _отдела инвентаризации и кадастровых работ__  _ _ГБУ «Мосгоргеотрест»__  _ _Сасонов У.У.__   _ _Тел.: 8-495-230-10-02 доб.__  _ _57___ _-___ _89__  _ _Моб. +7___ _-___ _910___ _-___ _139___ _-___ _66___ _-___ _47__",15
"Отправлено средством выделения фрагментов экрана. При запросе в бд 1:10000 выпадает такая ошибка,после этого перестает работать информационные ресурсы и так целый день. Прошу исправить.",37
Блоки питания для SIP-Телефона T58A,28
"Вышла из строя видеокарта. Есть возможность перемещения ПК из ком.212 . ул. Лавочкина 3А , 1 этаж,ком.404.",8
Письма опять подвисают в папке Исходящие,3
Просьбу удалить оракловую сессию (T34) с sid 3427,36
Мне необходимо заменить пароль в АС МГГТ.,15
"замена тонер-картриджа. Это бухгалтерия, 817 кабинет Замените пожалуйста голубой тонер-картридж в принтере  AltaLink C8030 Заранее спасибо!",4
Замена мышки,28
Свяжитесь пожалуйста с Гришиной Татьяной (89152440736). Находится на удаленке. Просрочен пароль.,14
"Согласно данным из вложения, установите мне, пожалуйста, ЭЦП на рабочую машину и в АС-договор. Тел. 8-911-985-89-14    _ _С уважением,__   _ _Иванова Александра Витальевна__  _ _Кадастровый инженер отдела инвентаризации__  _ _и кадастровых работ ГБУ «Мосгоргеотрест»__    ЭЦП и файл cer в архивах       С уважением,     *Единый Портал Торгов*       *+7(3982) 585-223***  *[http://ept72.ru/|http://ept72.ru/]*               Понедельник, 29 августа 2022, 10:07 +05:00 от Иванова Ивана Ивановича <[iva@mggt.ru|mailto:via@mggt.ru]>:        Необходимые документы во вложении.    _ _С уважением,__   _ _Иванова Иван Иванович__  _ _Кадастровый инженер отдела инвентаризации__  _ _и кадастровых работ ГБУ «Мосгоргеотрест»__         *From:* Единый Портал Торгов <[info@ept72.ru|/compose?To=info@ept72.ru]>  *Sent:* Thursday, August 25, 2022 2:42 PM  *To:* Иванова Александра Витальевна <[ia@MGGT.RU|/compose?To=ia@MGGT.RU]>  *Subject:* Заявление №1000087 Иванова Александра Витальевна.pdf.pdf, Образец фото с паспортом и заявлением1.JPG  *Importance:* High      Просим поставить  *подпись строго как в паспорте*  и выслать  *сканы запроса и заявления*. Факсимиле не допустимо. Подпись должна быть синего цвета. Также просьба, произвести фотоидентификацию (сделать фото) *владельца ЭЦП с подписанным заявлением и паспортом в руках* (В  *правой* руке развернутый паспорт на странице с фото, в  *левой* руке заявление). Фото должно быть качественным, чтоб текст в паспорте и заявлении четко читался.  Важно: Если Вам позвонят из УЦ Айтиком и спросят, кто Вас идентифицировал, сообщите, что  *Стас* –  *сотрудник ООО «ЕПТ»* (это я) *.*     С уважением,     *Единый Портал Торгов*       *+7(3452) 585-223***  *[http://ept72.ru/|http://ept72.ru/]*",7
"Не работает отчет из АС-Договор (Отчеты – оплата, акты, претензии – поступления – нет доплаты). Выдает вот такие картинки. Прошу решить вопрос.",37
"Проблема с доступом к виртуальной машине. У двух сотрудников моей бригады проблема с доступом к виртуальной машине. Как я понял изменился пароль и они не могут подключиться. Сотрудники  *Воропаева М. Н*. и  *Зуева Н.В.* Как я понял они связывались уже с поддержкой, но просили продублировать заявку на почту. Так же им продлили срочные контракты до апреля 2022 года. Какие то документы необходимо предоставить?   Спасбио.",22
Письма опять подвисают в папке Исходящие. ,3
"Установка ПО на телефон. В связи с разъездном характером работы, прошу оказать содействие в настройке на смартфоне ПО для прочтения и отправки электронных писем и просмотра задач в система документооборота.",18
"Прошу предоставить выгрузку системных журналов, журнала приложений с сервера InfoWatch Device Monitor",36
Прошу настроить NSproject. ,36
Не работает отчет из АС-Договор,37
"Лексутов Д.У.   _ _С уважением,__   _ _Начальник отдела договоров__   _ _и производственной диспетчеризации__  _ _Д.Н. Макеев__",36
"почта в mggt.ru.. Прошу выдать пароль для почтового ящика в домене mggt.ru.   Кузнецову Александру Ивановичу (таб.№ 1202)    *_ *_С уважением,_*_*  *_ *__*_*  *_ *_Боброва Заинона Пыпкина_*_*  *_ *_Специалист по д/о 1 кат._*_*  *_ *_ГБУ «Московский городской трест_*_*  *_ *_геолого-геодезических и картографических работ»_*_*  *_ *__*_*  *_ *_тел_*_**_ *_: +7 (495) 789-55-44_*_*  *_ *_вн_*_**_ *_. 42-01_*_*  *_ *_e-mail:_*_*  *_+ *_+zkiseleva@mggt.ru+_*+_*  * ***  _____________________________________________",3
"Включить копьютер. Включите пжста компьютер IITP_110_09.mggt находился не 7-м этаже, в закутке рядом с кабинетом Васиной Ю.А.",36
Арефьева Софья,11
"Учетные данные единая почтовая система для первоначального входа. Прошу выдать учетную запись в Единой почтовой системе (единая почтовая система, почта @str.mos.ru) Щербаковой Л.А.(таб.№ 3078)    *_ *_С уважением,_*_*  *_ *__*_*  *_ *_Бандукова Зинаида Павловна_*_*   *_ *_e-mail:_*_*  *_+ *_+zkiseleva@mggt.ru+_*+_*  * ***  _____________________________________________",13
Список активных учетных записей единая почтовая система,36
Не работают АС Договора с утра,15
"не работает СДО!!. Просьба решить проблему в ближайшее время, так как не могу работать",18
"Прошу заменить картридж, принтер  *PRN0001* (Xerox phaser 3260). Ком.613",4
"Пробовала перезагрузить, не помогает.    _ ___",8
RE: Истечение срока действия пароля,8
Отвалилась БД,37
Проблема с доступом к виртуальной машине,22
"Перемещение монитора между работниками. просьба поменять между работниками ПЭО монитор Бакуновой М.А. инвентарный № ZZWV4ZN300124E поменять с монитором Полятковой О.В. инвентарный № 2101340000002208. Так же просьба поменять местами в кабинете по адресу Зорге д.1, 7 этаж, кабинет 710",8
Уважаемые коллеги. Прошу оказать помощь в получении пароля и логина для входа в «SmartStaff»,36
У Сухиной Аллы закончился пароль на вход в  Sisco,11
"Связаться с Хатари Олегом (207 каб, Зорге, 1) и попросить у него 3 блока питания для SIP-Телефона T58A. Отправить их рейсовым на Лавочкина, 23А.",28
"отправьте во второй отдел 2 розово/синих головы, и 1 черную для HP T7100, спасибо.",36
у Новожиловой был заменен комп. на новом компе нет 1с. имя нового компа DST00872,5
"Заблокирована учетка. Пришло уведомление, что нужно сменить пароль. Т.к. работаю удаленно, то пытался изменить сочетанием клавиш CTRL+ALT+END. Никакой реакции. Пытался в настройках самостоятельно изменить, там кнопка тоже неактивна, прилагаю скриншот в сообщении",11
не могу подключиться. Не могу подключиться к Dst00155 через rdp.,1
ас договор не работает. Не работают АС Договора!,15
почта @str.mos.ru ,36
<Пустая тема>,11
"В связи с разъездном характером работы, прошу оказать содействие в настройке на смартфоне програмное обеспечение для прочтения и отправки электронных писем и просмотра задач в система документооборота.",18
"ЕПС. Восстановить пароль ЕПС Фролов П,А.",13
"Спасибо.-----Original Message-----From: HelpDesk <helpdesk@mggt.ru> Sent: Monday, January 10, 2022 7:00 AMTo: Тельпук Геннадий Афанасьевич <gtelpuk@mggt.ru>Subject: Истечение срока действия пароляУважаемый(ая) Тельпук Геннадий Афанасьевич!Срок действия пароля Вашей учётной записи для входа в систему истекает 21.01.2022 07:01.Во избежание неработоспособности, рекомендуется сменить пароль заранее.Для смены пароля следует нажать сочетание клавиш - CTRL+ALT+END при дистанционной работе или CTRL+ALT+DEL при работе локально и выбрать пункт «Изменить пароль»В случае затруднений, обратитесь в Сектор Эксплуатации по почте helpdesk@mggt.ru",14
Настроить ЭП. ,14
ошибка при отправке писем через система документооборота. система документооборота-При нажатии кнопки отправить на согласование письмо – долго крутит – и потом выдает –Ошибка при завершении задачи,18
Пароль на str.mos.ru,13
Установка ПО,5
FW: Сбой в работе АС Договор,15
"У группы документооборота на работает система документооборота.    С уважением, Костюченко К.Е.",18
О выделении телефонного аппарата В - ОВБ - 11081/22,28
"Пользователь Разлада Тарас Сергеевич хотел бы отозвать сообщение, ""Полезные советы по ИТ"".",36
не работает система документооборота,18
"Заблокирована учетная запись и доступ к почте. У меня заблокирована учётная запись и доступ к корпоративной почте. Остроумова Александра, ОКР   Прошу помочь в решении проблемы.   С уважением, Александра 89269751718               У меня заблокирована учётная запись и доступ к корпоративной почте. Остроумова Александра, ОКР   Прошу помочь в решении проблемы.",11
"ЕПС. У сотрудников ГПИР учетные записи в ЕПС активированы, но работают со сбоем!",13
Прошу помочь с переходом на новый сертификат ЭП,7
"В соответствии со служебной запиской В - АУП - 115/22 от 01.01.2022 Первый отдел направляет списки активных учетных записей единая почтовая система:  | Самошкин Дивина Владимировна |   +[ +SainDV@str.mos.ru+|mailto:SakhinDV@str.mos.ru] + |  + +dskhin@mggt.ru++ | | Сидр Колпак Васильевич |   +[ +SivAV2@str.mos.ru+|mailto:SivAV2@str.mos.ru] + |  + +avsidorov@MGGT.RU++ | | Кальмар Солнце Игоревна |   +[ +osisi1@str.mos.ru+|mailto:osisi1@str.mos.ru] + |  + +sova@mggt.ru++ | | Соловйе Иа Вячеслна |   +[ +soiv1@str.mos.ru+|mailto:soiv1@str.mos.ru] + |  + +isova@MGGT.RU++ | | Москва Няня Васильевна |   +[ +sobv@str.mos.ru+|mailto:sobv@str.mos.ru] + |  + +yva@MGGT.RU++ | |  |  |  |  С уважением, ведущий инженер Первого отдела ГБУ «Мосгоргеотрест» Бла бла бла, тел. 5752",36
"перезагрузка компьютера. Привет! Включите комп, пожалуйста",36
Не могу подключиться к тестовому компу  *Dst0079.mggt*,8
"настройка АРМ. Прошу выполнить необходимые настройки на рабочем месте работка ОКР Самсова А.Е., связанные с тестированием нового релиза РеИнформ   Круглова Татушкина ДодоновнаОтдел ВТИМ +7(961)9611866",8
почта str,13
T7200_Z2 выдает ошибку ,1
"Добрый день! Прошу настроить почту, которая str.mos",13
прошу настроить доступ к Рослторг. ,36
"проблема с АС Договор, завожу новую сводку, сохраняюсь, и все зависло   _С уважением,_",15
"FW: Сертификат № 434CB425E0DFBD608802D9E905800D3C67F7C491 готов. Настройте мне пожалуйста электронную подпись   *From:* uc_fk@roskazna.ru <uc_fk@roskazna.ru>   *Sent:* Friday, December 17, 2021 10:04 AM  *To:* Кислова Мария Викторовна <mkislova@MGGT.RU>  *Subject:* Сертификат № 434CB425E0DFBD608802D9E905800D3C67F7C491 готов",7
"Проблемы с входом в почту. Прошу содействия в настройке почты @str.mos.ru   _ _С уважением,__   _ _Инженер камеральной группы__  _ _Отдела инвентаризации и кадастровых работ__  _ _ГБУ «МОСГОРГЕОТРЕСТ»__  _  _ ___",13
системная ошибка. Системная ошибка в счетах. В исполнителях только Аблаев,8
"Прошу подключить Моськину Д. Е. к рассылке от Oracle:  Работы по наряду закрыты - Работы по наряду закрыты № % Изменение статуса заказа - Положительное заключение Изменение статуса заказа - Формирование результата (согласовано) Дополнительные материалы - Получен акт по заказу 9/%.   *_С уважением,_*  *_Трошкин Николай Владимирович_*  *_Начальник группы выдачи готовых материалов ОДиПД_*  *_ГБУ ""Мосгоргеотрест""_*  *_Эл.адрес: [ *_dog@mggt.ru_*|mailto:dog@mggt.ru]_*  *_Сайт: [ *_www.mggt.ru_*|http://www.mggt.ru/]_*  *_Телефон: (495) 045 32 76 доб.0011_*",36
"ПЭО (кабинет 710) просим помощи. Принтер AltaLink C 8135 – не печатает, требуется заменить сборник отходов.",4
"Открытие доступа к ресурсам . Ранее была служебная записка об открытии доступа к ресурсам, в частности к 2 ГИС карты и Яндекс карты, сейчас почему-то у меня эти ресурсы не работают, могли бы мне настроить их на рабочем компьютере?",20
"У Симоновой А.Д. помощникам в система документооборота не приходят письма.  Ранее поручения приходили всем (список ниже) как Конкурентная задача, на этой неделе письма поступают только Симоновой А.Д.  Список помощников Симоновой А.Д.: | Хохлова Ирина Сергеевна | | Дмитриевская Анастасия Александровна | | Бойкова Ксения Васильевна | | Романова Надежда Эдуардовна | | Гармаш Татьяна Игоревна |   1. Добавьте, пожалуйста, в помощники Симоновой А.Д, всех сотрудников, указанных в таблице. 2. Можно сделать так, чтобы уже имеющиеся письма в система документооборота увидели все помощники? {",36
эцп. Получен файл сертификата от Росказны. Необходимо установить.,5
После входа в единая почтовая система ( NosovDA@str.mos.ru ) выбрасывает из почты.. ,0
"С целью организации тестирования программных продуктов РеИнформ, прошу настроить АРМ сотрудников ОКР: · Маркин Евгений Николаевич · Киселев Сергей Владимирович",8
Удаленка,11
!,15
"После успешной установки PostgreSQL запустил Stack Builder для установкиPostGIS, а там отказ в доступе к URL!image-2022-08-25-14-05-10-462.png!",5
эл. подпись,7
Прошу создать учетную запись Машкунову В.М. для входа в систему. С/З В - 3 - 10922/22 от 22.08.2022,11
Помогите пожалуйста решить проблему. При запуске программы выдает ошибку и закрывает файл            * *С уважением**  * *Ведущий инженер Отдела №3**  * *ГБУ «Мосгоргеотрест»**  * *Матвеев М.Ю.**,36
8919 095 21 58,36
Подключение МФУ,1
"Пароль. Просьба выдать новый пароль Трофимову М.С, т.к. старый был введен неверно 3 раза",15
помощь со входом. ведущий инженер Кайгородов А.С. отдела № 2 не может войти в систему для удаленной работы. Просит связаться с ним по телефону и помочь. Спасибо,23
"Прошу разблокировать мой компьютер, зависла программа 1С.",10
"Включите пжста компьютер IITP_110_09.mggt находился не 7-м этаже, в закутке рядом с кабинетом Васиной Ю.А.",36
"прошу подключить компьютер Абрыганову П.С. в боксе 6а, помещение 5, 2-й этаж  Номер Абрыганова: 8-963-352-18-34  ----    _С уважением,_  _Инженер отдела №11_  _Каменский Игорь Дмитриевич_  _Тел. 13-01_",8
Учетные данные единая почтовая система для первоначального входа,13
"Не работают Интегратор и АС ""Договор""",15
логин и пароль. Когда будет выдан логин и пароль Машкунову В.М.? Служебная записка В-3-10922/22,11
Установка программы для Гамма-спектрометра. На новый компьютер в отделе №2,5
восстановить пароль. Прошу восстановить пароль от почты LukyanovaMV2@str.mos.ru,13
SmartStaff,5
RE: система документооборота срочный вопрос,36
FW: #600-267647: Программное обеспечение PrinCe (програмное обеспечение CHC CGO 2.0 RTK),5
"Отдел №2. Назначение ответственного за получение паролей для работников, не имеющих почтовых ящиков в домене mggt.ru. Для SmartStaff и учеток в единая почтовая система. Привет! Во исполнение распоряжения Балабанова А.В. о назначении ответственных.   Неожиданно в отделе №2 этот ответственный – Квадратов А.М (aktsov, т/н 256).  Активировать учетки в почте получается, зайти в приложение на mka-portal.mos.ru – не получилось ни у кого…  Если причины ошибки уже известны – отпишитесь, плз",13
Восстановление пароля,13
"СЗИ ЕПС ПМ. В соответствии с пунктом 3 служебной записки, направляю список работников Сектора ЗИ, имеющих активированные учетные записи в ЕПС ПМ:  1. Знатоков Ж.Б.  2. Колесов У.Ю.  3. Перов П.П.  4. Черчиль И.Н. в отпуске до 31.88.2022.  С уважением, Колесов Игнат Специалист по ЗИ ГБУ <Мосгоргеотрест>",36
"Прошу разблокировать учетный записи ниже представленных сотрудников, в связи с продлением их контракта: - Аккиева Татьяна Алексеевна, таб. 6822 - Малкова Анна Денисовна, таб. 6823 - Пылев Никита Алексеевич, таб. 6831 - Арефьева Софья Вадимовна, таб. 6825  Соответствующие документы можно запросить в Отделе Кадров",11
Не работают АС Договора!,15
"Можете, пожалуйста, разблокировать учетную запись Луниной Анны Александровны.",11
"Скачали данное приложение, практически весь отдел, а зарегистрироваться как??? Кто поможет, к кому обратиться, что делать дальше, может быть кто-то сможет дать алгоритм? Нужна помощь",5
Регулярно возникает такая ошибка.  Сложно отправлять письма.  !,0
Прошу сделать переадресацию в СДО в период моего отпуска c 29.08.2022 08:00 по 04.09.2022 23:59:59 на Микова Карина Иосифовна <kmikova@MGGT.RU>,18
Просьба активировать мне приложение SmartStaff.,5
"не работает СДО. У группы документооборота на работает СДО.    С уважением, Костюченко К.Е.",18
замена тоннера,4
"У меня нет доступа к сетевой папке, куда нам дано указание складывать сканы «документов». Якобы это диск F (\\ t55)  Можно мне его подключить? (сам подключить не могу – нет доступа)    _ _С уважением, Асососов К.Ы.__      *From:* Агещева Яна Игоревна <yaagescheva@MGGT.RU>   *Sent:* Tuesday, August 30, 2022 8:27 AM  *To:* Андросов Сисичав Андрей <sandrosov@MGGT.RU>  *Subject:* RE: отгулы     Сисичав, у меня это f (\\ t55)      *From:* Адосов Сисичав Андреевич <[sandrosov@MGGT.RU|mailto:sandrosov@MGGT.RU]>   *Sent:* Tuesday, August 30, 2022 7:36 AM  *To:* Агещева Яна Игоревна <[yaagescheva@MGGT.RU|@MGGT.RU]>  *Subject:* RE: отгулы     Яна!  Так вы мне не подскажите, где находится этот диск? Я тогда напишу в «поддержку», чтобы доступ к нему дали (если у меня прав не хватит самому его подключить).    _ _С уважением, Адосов К.Ы.__      *From:* Агещева Яна Игоревна <[yaagescheva@MGGT.RU|mailto:@MGGT.RU]>   *Sent:* Monday, August 29, 2022 9:03 AM  *To:* Андросов Станислав Александрович <[sandrosov@MGGT.RU|sandrosov@MGGT.RU]>  *Subject:* RE: отгулы     Да, это не тот     *From:* Андросов Станислав Александрович <[sandrosov@MGGT.RU|mailto:sandrosov@MGGT.RU]>   *Sent:* Monday, August 29, 2022 8:34 AM  *To:* Агещева Яна Игоревна <[yaagescheva@MGGT.RU|mailto:yaagescheva@MGGT.RU]>  *Subject:* RE: отгулы     Нет, у меня он, похоже, вообще не подключён – есть только наш «общий» exchange, но это не тот, который нужен, похоже.     _ _С уважением, Андросов С.А.__      *From:* Агещева Яна Игоревна <[yaagescheva@MGGT.RU|mailto:yaagescheva@MGGT.RU]>   *Sent:* Monday, August 29, 2022 8:32 AM  *To:* Андросов Станислав Александрович <[sandrosov@MGGT.RU|mailto:sandrosov@MGGT.RU]>  *Subject:* RE: отгулы     Это полный путь У вас этот диск скорее всего по-другому называется просто      *From:* Андросов Станислав Александрович <[sandrosov@MGGT.RU|mailto:sandrosov@MGGT.RU]>   *Sent:* Monday, August 29, 2022 8:30 AM  *To:* Агещева Яна Игоревна <[yaagescheva@MGGT.RU|mailto:yaagescheva@MGGT.RU]>  *Subject:* RE: отгулы     Яна! А можете прислать полный путь? А то у меня этот диск не подключён (нет диска Z)    _ _С уважением, Андросов С.А.__      *From:* Агещева Яна Игоревна <[yaagescheva@MGGT.RU|mailto:yaagescheva@MGGT.RU]>   *Sent:* Wednesday, August 24, 2022 11:11 AM  *To:* Аркесова Наталья Анатольевна <[narkesova@mggt.ru|mailto:narkesova@mggt.ru]>; Водянова Ольга Александровна <[ovodyanova@mggt.ru|mailto:ovodyanova@mggt.ru]>; Володина Ирина Викторовна <[ivolodina@mggt.ru|mailto:ivolodina@mggt.ru]>; Колобов Александр Андреевич <[akolobov@MGGT.RU|mailto:akolobov@MGGT.RU]>; Ларчев Николай Викторович <[nlarchev@MGGT.RU|mailto:nlarchev@MGGT.RU]>; Андросов Станислав Александрович <[sandrosov@MGGT.RU|mailto:sandrosov@MGGT.RU]>; Карась Сергей Иванович <[skaras@mggt.ru|mailto:skaras@mggt.ru]>; Лесников Григорий Анатольевич <[glesnickov@mggt.ru|mailto:glesnickov@mggt.ru]>; Полетаев Евгений Андреевич <[epoletaev@MGGT.RU|mailto:epoletaev@MGGT.RU]>; Окатов Александр Петрович <[aokatov@mggt.ru|mailto:aokatov@mggt.ru]>; Птушкин Сергей Викторович <[sptushkin@mggt.ru|mailto:sptushkin@mggt.ru]>; Цыцын Алексей Иванович <[atsytsyn@mggt.ru|mailto:atsytsyn@mggt.ru]>; Прокофьев Николай Александрович <[nprokofev@mggt.ru|mailto:nprokofev@mggt.ru]>; Фетисова Татьяна Николаевна <[tfetisova@mggt.ru|mailto:tfetisova@mggt.ru]>; Шутова Ольга Евгеньевна <[oshutova@MGGT.RU|mailto:oshutova@MGGT.RU]>; Клестов Евгений Алексеевич <[eklestov@MGGT.RU|mailto:eklestov@MGGT.RU]>; Гранитов Иван Геннадьевич <[igranitov@mggt.ru|mailto:igranitov@mggt.ru]>; Бочарова Вероника Алексеевна <[vbocharova@mggt.ru|mailto:vbocharova@mggt.ru]>; Атаманова Алла Николаевна <[aatamanova@mggt.ru|mailto:aatamanova@mggt.ru]>; Захаров Вадим Викторович <[vzakharov@MGGT.RU|mailto:vzakharov@MGGT.RU]>; Раклова Ирина Вячеславовна <[iraklova@mggt.ru|mailto:iraklova@mggt.ru]>; Елисеева Ольга Борисовна <[oeliseeva@mggt.ru|mailto:oeliseeva@mggt.ru]>; Малова Любовь Григорьевна <[lmalova@mggt.ru|mailto:lmalova@mggt.ru]>; Иванова Любовь Владимировна <[livanova@mggt.ru|mailto:livanova@mggt.ru]>  *Cc:* Мальченко Наталья Владимировна <[nmalchenko@MGGT.RU|mailto:nmalchenko@MGGT.RU]>  *Subject:* отгулы     В связи с тем, что копится достаточно много бумаги с отгулами, которая занимает много места-всё будем хранить в электронном виде. Всё, что было у меня - разложено по месяцам.    * *С новыми отгулами по новой схеме: Получаете резолюцию у руководства –сканируете и кидаете в папку по группам.**   Ссылка на папку:  [Z:\EXCHANGE\отгулы|file://t55/F/EXCHANGE/отгулы]",17
"Настройте мне пожалуйста электронную подпись   *From:* uc_fk@roskazna.ru <uc_fk@roskazna.ru>   *Sent:* Friday, December 17, 2021 10:04 AM  *To:* Кислова Мария Викторовна <mkislova@MGGT.RU>  *Subject:* Сертификат № 434CB425E0DFBD608802D9E905800D3C67F7C491 готов",7
"Не работают Интегратор и АС ""Договор"". Не работают Интегратор и АС ""Договор""  С уважением,  Сяитова Э.А.",15
"Обновили на новую подпись Назаркин, в АС выдает ошибку. 8919 095 21 58",36
Троицк. Федченко,10
Проблема с записью на получение результатов (КГС),36
Не работает подпись документов в 1С Оперучет,8
пропал почтовый ящик  @str.mos.ru. Прошу восстановить. ,13
СЗИ ЕПС ПМ,36
"Перезагрузка машин. Перезагрузите, пожалуйста, машины Ссс09 Ссс12 Ссс15 Ссс16 Спасибо!",8
Зависание АС Договор,15
Задача в СДО выдается с ошибкой,18
Учётные записи. ,11
"При попытке подключится по старому ярлыку подключения подключаюсь к другому пк, с другой ос, и занятый сотрудником другого отдела. Имя требуемого компьютера: DST00585 из 301 кабинета. Пытаюсь подключится по следующему IP:172.16.123.155.",23
"Прошу выдать учетную запись в Единой почтовой системе (ЕПС, почта @str.mos.ru) следующим работникам:",13
"Пришло уведомление, что нужно сменить пароль. Т.к. работаю удаленно, то пытался изменить сочетанием клавиш CTRL+ALT+END. Никакой реакции. Пытался в настройках самостоятельно изменить, там кнопка тоже неактивна, прилагаю скриншот в сообщении",11
"Важно! Срочно! . Уже вторую неделю проблемы с отправкой писем на этой почте.   Они просто не отправляются. Приходится выходить, заново входить и только тогда они уходят.  А сегодня и так не хотят уходить, приходится ещё и компьютер перезагружать. И только тогда они уходят.  И так с каждым письмом!    _С уважением, Лошадинов Мурат Зарипович_  _Ведущий специалист_    _Производственно-технический отдел_   _ГБУ «Мосгоргеотрест»_  _Тел.: 8 (499) 987 - 60 - 02_   _Внутренний тел.: 10 - 92_   _Моб.тел.: 8 (901) 356 - 87 — 08_   __",3
Переадресация в СДО. Прошу сделать переадресацию в СДО в период моего отпуска c 29.08.2022 08:00 по 04.09.2022 23:59:59 на Микова Карина Иосифовна <kmikova@MGGT.RU>,18
"Пароль. Безопасность виндовс просит подтвердить пароль учетной записи аутлук [Kopaev@str.mos.ru|mailto:Kopaev@str.mos.ru]. Те пароли, что у меня есть, он не принимает. Помогите разобраться с проблемой. Спасибо.",8
microstation. При запуске программы микростейшн появляется таблица. Простаиваю уже 1ч.30 мин. Нет возможности работать.,37
"система документооборота МГГТ, срочно",18
"Уважаемые пользователи! Сегодня 29.08.2022г. в период с 18-00 до 19-00 в система документооборота МГГТ планируются работы по обновлению. Система может работать нестабильно.     С уважением, Отдел ИиТП ГБУ «Мосгоргеотрест» Телефон технической поддержки 99- 21 [helpdesk@mggt.ru|mailto:heldesk@mggt.ru]",36
не работает Интегратор,36
"Конкурентная задача в система документооборота (сбой). У Симоновой А.Д. помощникам в система документооборота не приходят письма.  Ранее поручения приходили всем (список ниже) как Конкурентная задача, на этой неделе письма поступают только Симоновой А.Д.  Список помощников Симоновой А.Д.: | Хохлова Ирина Сергеевна | | Дмитриевская Анастасия Александровна | | Бойкова Ксения Васильевна | | Романова Надежда Эдуардовна | | Гармаш Татьяна Игоревна |   1. Добавьте, пожалуйста, в помощники Симоновой А.Д, всех сотрудников, указанных в таблице. 2. Можно сделать так, чтобы уже имеющиеся письма в система документооборота увидели все помощники? {",36
пароль от учётной записи в АС МГГТ,15
"Прошу восстановить пароль доступа к почтовому ящику  str.mos.ru, начальнику отдела №11 Душевный И.И.    С уважением  Заместитель начальника отдела №11  Красовский О.У.  _ _ +7 (499) 014 90 61 доб. 15-54; 30-34__",13
У меня некорректно отображаются ЭЦП в актах от Заказчиков. Прошу обновить программу КриптоАрм.,5
Не работают сводки. После введения фамилии исполнителя все зависает.,36
восстановление почты. Прошу восстановить ранее установленную почту  [KorchinovaLA@str.mos.ru|mailto:KorchinovaLA@str.mos.ru] Спасибо.,13
Прошу добавить в мой outlook учетную запись [KomlevaKS@str.mos.ru|mailto:KomlevaKS@str.mos.ru] и восстановить пароль.,3
"Отзыв: Список активных учетных записей ЕПС. Пользователь Мыкушкин Ян Васильев хотел бы отозвать сообщение, ""Список активных учетных записей ЕПС"".",36
"здравствуйте, не могу войти в базу",36
Просьбу удалить оракловую сессию (T34) с sid 3427. Просьбу удалить оракловую сессию (T34) с sid 3427,36
"По система документооборота не пришла ссылка, что необходимо внести в письмо изменения",8
Ошибка входа в VDI (скрин во вложении),22
"не работает телефон. В кабинете 322 расположенный по адресу ул. Беломорская , д. 36 Д не работает телефон.",9
"опять завис АС Договор   _С уважением,_",15
"Ранее учетная запись Кондрашиной С.Г. в единая почтовая система работало в системе Оutlook, однако в настоящее время нету папок с письмами.",0
Прошу подключить многофункциональное устройство в кабинете 310 по адресу ул. Беломорская 36д.  \,1
Проблема с microstation. Проблема с microstation: при выборе `База данных-Работа с участком` в командной строке пишется «Нет связи с АС договором»,15
Отчет,36
"SmartStaff. Скачали данное приложение, практически весь отдел, а зарегистрироваться как??? Кто поможет, к кому обратиться, что делать дальше, может быть кто-то сможет дать алгоритм? Нужна помощь",5
замена картриджа. Просьба заменить черный тонер на принтере  Versalink C505 Кабинет 319 Беломорская 36Д   {,4
"АС ""Договор"" ",8
пароль для входа в БД,15
Не работает Интегратор.,36
пароль для входа в БД. Заблокировался вход в БД. Не знаю какой пароль. Телефон Дарья,15
Восстановить пароль,13
"T7200_Z2 выдает ошибку . на Ленинградском 23, на плоттере  T7200_Z2 выдает ошибку Картридж обслуживания практически полон. Замените картридж (номер изделия HP: CH649A)  И цветопередача нарушена, красный печатается фиолетовым.",1
Не работает АС договор Помогите пожалуйста,37
"В связи с окончанием работ по установкой нового релиза, полученного от РеИнфолрм прошу  Выполнить необходимые настройки на рабочих местах для выполнения тестирования.  Отдел ТИМ: Быданцева Н.Ю. Крюкова Т.Д. Лысова Е.В Отдел №3: Бардыбахина О.Ю,  Черкасова Н.А.  Отдел ОКР: Сидоров А.Н. Киселев С.В. Маркин Е.Н.  Крюкова Татьяна Дмитриевна  Отдел ВТИМ +7(916)6296866",8
"Отправлено средством ""Ножницы"" База висит!",36
Необходимо проверить подключение кассового аппарата АМС 300-Ф к сети интернет. Данные по кассе не передаются в налоговую с 17 августа 2022 года. Кассовый аппарат находится на первом этаже в службе одного окна.,31
"Подключение принтера. Требуется подключить принтеры, нет доступа   PRN0012 на x19  HP DesignJet T7200_Z2 на  x19",1
срочно. Нет связи с базой данных. Спасибо.,37
"АС Договор. проблема с АС Договор, завожу новую сводку, сохраняюсь, и все зависло   _С уважением,_",15
"Лист D1202 ресурса  МГГТ-Список слоев-Подземные коммуникации-Оперативный план ПК- Контрольная съемка появляется ошибка - Рабочий набор содержит ошибки – при попытке удалить контур КГС.  КС 13435-22, ИЧ 379-22",36
"Прошу выполнить необходимые настройки на рабочем месте работка ОКР Самсова А.Е., связанные с тестированием нового релиза РеИнформ   Круглова Татушкина ДодоновнаОтдел ВТИМ +7(961)9611866",8
отказ в доступе к http://apexapp.mggt/,15
"Информационная рассылка: СДО МГГТ, обновление системы. Уважаемые пользователи! Сегодня 29.08.2022г. в период с 18-00 до 19-00 в СДО МГГТ планируются работы по обновлению. Система может работать нестабильно.     С уважением, Отдел ИиТП ГБУ «Мосгоргеотрест» Телефон технической поддержки 99- 21 [helpdesk@mggt.ru|mailto:heldesk@mggt.ru]",36
"коллеги! После перезагрузки АРМа программа перестала запускаться выдавая следующую ошибку:       *From:* Пышкин Качан Васильевич Кирилл Владимирович   *Sent:* Wednesday, August 24, 2022 3:23 PM  *To:* HelpDesk <helpdesk@mggt.ru>  *Cc:* Крыжановский Сергей Юрьевич <krez@MGGT.RU>  *Subject:* FW: #600-267647: Программное обеспечение PrinCe (ПО CHC CGO 2.0 RTK)    Коллеги, Прошу Вас установить на рабочие АРМы программное обеспечение, согласно заключенному контракту № 0373500001422000043 от 19.05.2022 «Поставка геодезического ГНСС оборудования». Данное ПО предназначено для постобработки спутниковых наблюдений, экспорт файлов и т.д. Дистрибутив расположен ниже по ссылке.  Установку ПО необходимо произвести на следующие АРМы работников отдела №3:  1. Крыжановский С.Ю. (АРМ ot10_609_06, с/н 30284/1-10, инв. 18/1562); 2. Круглов К.В. (АРМ dst00398, с/н 039X1130034826, инв. 4101340000003570).  Спасибо!     *From:* Александр Шарипов <[support@prin.ru|mailto:support@prin.ru]>   *Sent:* Wednesday, August 24, 2022 12:19 PM  *To:* Пышкин Качан Васильевич <[KruglovKV@str.mos.ru|mailto:KruglovKV@str.mos.ru]>  *Cc:* [oek@prin.ru|mailto:oek@prin.ru]; [fkv@prin.ru|mailto:fkv@prin.ru]  *Subject:* #600-267647: Программное обеспечение PrinCe (ПО CHC CGO 2.0 RTK)    | ВНЕШНЯЯ ПОЧТА: | | Если отправитель почты неизвестен, не переходите по ссылкам, не сообщайте пароль, не запускайте вложения и сообщите коллегам из службы безопасности по адресу [ DITantifishing@mos.ru|mailto:DITantifishing@mos.ru] |     по ссылке актуальная версия cgo [https://disk.yandex.ru/d/mLNnfwBLM0f64g|https://disk.yandex.ru/d/mLNnfwBLM0f64g]  Андрей пыпывов Помогаю по техническим вопросам  Больше ответов на ваши вопросы в нашей базе знаний [https://support.prin.ru/|https://support.prin.ru/] WhatsApp (только чаты):  [ *+7 (995) 112-34-91*|https://wa.me/79951123491]  Telegram: [ *@prin_support_bot*|http://t.me/prin_support_bot] Skype:  [ *PRIN_support*|https://join.skype.com/bot/2a607be6-0737-4aad-aa17-2f60ddb4ccb2]  Viber (для смартфонов): [ *prinsupport*|viber://pa?chaturi=prinsupport] Удаленная поддержка через [ *TeamViewer*|https://get.teamviewer.com/prinsupport]  Мы в [VK|https://vk.com/pringeo], [ Facebook|https://www.facebook.com/pringeo], [Instagram|https://www.instagram.com/prin_ao/], [ YouTube|https://www.youtube.com/channel/UCuSQNMHlT0TVlTp5E158rNA] [www.prin.ru|http://www.prin.ru/]  Тел.  *8-800-222-34-91* (бесплатно, пн-пт с 9 до 17)  Добавочный (набирать после приветствия) 0000 -------------------------------- Проверить статус данного обращения и ответы на него можно по адресу: [https://support.prin.ru/user/cases/record/600-267647|https://support.prin.ru/token/liPJIGNLChn6gzJziD7WcJjXnkvTXwYeYE8iUz7Aa2B7o42oP28sWlINDtucFfOWBRs6ga0x66EwtLTjH4V93HbkZWPWjO2cFTqTkTqoidEguiIK]  !https://support.prin.ru/tp_message/lSbMJGZGAx60on913j6MJM+Dy3aHDgQaZ0YiUg==!",8
"Информационная рассылка: СДО МГГТ, обновление системы",36
FW: отгулы ,17
"Пришлите пожалуйста всю информацию для авторизации в ЕПС по работникам столовой.   С уважением, зав. столовой Казах Ы.И.",36
STR,13
"Зависание АС Договор. В АС договор система зависает на этапе попытки зайти в договор, в привязанные к договору письма или сформировать новое письмо  С уважением,  Рыжик Алина Валерьевна Планово-экономический отдел ГБУ «Мосгоргеотрест» тел. (499) 257-09-11 доб. 11-56 aryzhik@mggt.ru",15
"ЭЦП на Портале поставщиков и смена пароля на внешней почте. Прошу помочь подгрузить новую ЭЦП на Портал поставщиков. Также не могу отправлять сообщения с внешней почты, требует ввести пароль, после ввода пароля ничего не меняется. Работаю на дистанционке.",7
не работает интегратор и АС Договор,8
подключение принтера. Возможно подключить мне сетевой принтер PRN0031 на X19,1
Прошу заменить пурпурный (Magenta) картридж на принтер Xerox Work Centre 6515.,4
Ccc21,36
Ошибка при попытке доступа к сервису http://apexapp.mggt/,15
проблемы с почтой . при отправке возникают разного рода ошибки ...2. пыталась направить по внутренней почте,3
"Снова возникает проблема при загрузке проектных растров. На этот раз, грузила 19 год по точке.",8
сброс пароля. Помогите пожалуйста разблокировать учётную запись Sent from Android device,11
"Установка програмное обеспечение. Просьба установить програмное обеспечение Adobe Photoshop На машины ссс01-ссс16. Дистрибутив можно взять здесь X:\Common\PGMtry2\Programs\  Спасибо!   _С уважением,_  *_Петрова Елена Владимировна_*  _ _Инженер 2 категории отдела №7__  _ _ГБУ «Мосгоргеотрест»__  _ _Кабинет 719__",5
ведущий инженер Кайгородов А.С. отдела № 2 не может войти в систему для удаленной работы. Просит связаться с ним по телефону и помочь. Спасибо,23
"СДО МГГТ, срочно",18
Подключение многофункциональное устройство. Прошу подключить многофункциональное устройство в кабинете 310 по адресу ул. Беломорская 36д.  \,1
"Помогите настроить ЭП.  Спасибо!  С уважением, Макеев Д.Н.",7
"Ответственный отд.№11. Ответственный от отдела №11 за получение паролей для работников, не имеющих почтовых ящиков в домене mggt.ru. Каменский Игорь Якобович. Прошу направить информацию в кротчайшее время   С уважением  Заместитель начальника отдела №11  Колосовский А.Э.  _ _ +7 (499) 752 90 31 доб. 12-45; 11-55__",36
"По система документооборота. По система документооборота не пришла ссылка, что необходимо внести в письмо изменения",8
"Добрый день, у меня не открываются АС Договор ",15
Подключение многофункциональное устройство,1
Задача в СДО выдается с ошибкой. ,18
Заблокировался вход в БД. Не знаю какой пароль. Телефон Дарья,15
"ЕПС авторизация. Пришлите пожалуйста всю информацию для авторизации в ЕПС по работникам столовой.   С уважением, зав. столовой Казах Ы.И.",36
"Установка ПО на телефон. В связи с разъездном характером работы, прошу оказать содействие в настройке на смартфоне ПО для прочтения и отправки электронных писем и просмотра задач в СДО.",18
Клавиатура+мышь,28
пароль. В связи с поручение правительства об установке приложения «SmartStaff» прошу выслать учетные данные ЕПС,13
Восстановление внешней почты str.mos.ru,13
не работает Ас договор,8
Переадресация в система документооборота,18
о переустановке ЭЦП,7
"Восстановление пароля. Прошу восстановить пароль для входа на mos.ru, начальнику группы по делам ГО и ЧС. | Духов Александр Владимирович | [DyukovAV@str.mos.ru|mailto:DovAV@str.mos.ru] |",13
"Прошу включить мой компьютер. Комната 713.    С уважением, Блохина Н.А.",8
RE: #600-267647: Программное обеспечение PrinCe (програмное обеспечение CHC CGO 2.0 RTK),8
По система документооборота,8
"В бухгалтерии нет работников, не имеющих почтовых ящиков в домене mggt.ru. , поэтому  Ответственный за получение паролей для работников, не имеющих почтовых ящиков в домене mggt.ru. не назначается Ответственный от бухгалтерии за предоставление списка активных учетных записей единая почтовая система . – Базукина О.И.     С уважением  Новацкий Ш.Г. Зам.гл. бухгалтера ГБУ «Мосгоргеотрест» Тел.(раб): (495) 032-02-22 (внутр.1-008) Адрес: 100040, г.Москва, Ленинградский проспект, д.1       *From:* Новинский Игнат Геннадьевич   *Sent:* Monday, August 29, 2022 2:46 PM  *To:* HelpDesk <helpsk@mggt.ru>  *Cc:* Базыкина Яна Андреевна <yabazykina@mggt.ru>; Воронин Майкл Андреевич <mskin@mggt.ru>  *Subject:* На служебную записку В - АУП - 11225/22 от 29.08.2022 Ответственный от бухгалтерии за предоставление списка активных учетных записей единая почтовая система . – Базукина О..    оБ УМХЦЕВОХА ЪБРЙУЛХ  *ч - бхр - 11225/22 ПФ 29.08.2022*  ч ВХИЗБМФЕТЙЙ ПФУХФУФЧХАФ ТБВПФОЙЛЙ, ОЕ ЙНЕАЭЙЕ РПЮФПЧЩИ СЭЙЛПЧ Ч ДПНЕОЕ mggt.ru.  пФЧЕФУФЧЕООЩК ПФ ВХИЗБМФЕТЙЙ ЪБ РПМХЮЕОЙЕ РБТПМЕК ДМС ТБВПФОЙЛПЧ, ОЕ ЙНЕАЭЙИ РПЮФПЧЩИ СЭЙЛПЧ Ч ДПНЕОЕ mggt.ru. ОЕ ОБЪОБЮБЕФУС пФЧЕФУФЧЕООЩК ПФ ВХИЗБМФЕТЙЙ ЪБ РТЕДПУФБЧМЕОЙЕ УРЙУЛБ БЛФЙЧОЩИ ХЮЕФОЩИ ЪБРЙУЕК еру . – вБЪЩЛЙОБ с.б.",36
Задача в система документооборота выдается с ошибкой,18
Письма опять подвисают в папке Исходящие. ,36
изменение пароля на dvlp. Сегодня 29.08.2022 изменила пароль для входа в БД на  t34. Для входа на dvlp пароль истекает через 7 дней. Прошу оказать мне помощь в изменении пароля на  dvlp уже сегодня.,15
БД отвалилась.,37
"FW: Модуль внеш.корр в СДО. Помогите, пожалуйста настроить возможность просмотра модуля внеш.корреспонденции на Iphone (IOS 15.6.1) – при переходе в данный модуль экран остается пустой (после загрузки страницы по «полосе» загрузки) Пробовал разные браузеры – сафари, яндекс, хром… Везде результат одинаков.",18
"Заявка. Коллеги, В соответствии со служебной запиской Заместителя Управляющего Баранова А.В. от 29.08.2022 № В-АУП-11225/22 и в соответствии с приложенной служебной запиской, прошу Вас создать мне учетную запись на портале в ЕПС, почта @str.mos.ru.. Спасибо!",13
Почта,13
"Не работает СДО. Зависает. Отсутствуют записи в модуле «Мои задачи». Проблема присутствует и в канцелярии, и у других пользователей. Прошу передать администраторам.",18
"В соответствии с пунктом 3 служебной записки, направляю список работников Сектора ЗИ, имеющих активированные учетные записи в ЕПС ПМ:  1. Знатоков Ж.Б.  2. Колесов У.Ю.  3. Перов П.П.  4. Черчиль И.Н. в отпуске до 31.88.2022.  С уважением, Колесов Игнат Специалист по ЗИ ГБУ <Мосгоргеотрест>",36
не могу подключиться через рдп. Не могу подключиться черtз рдп к удаленному компьютеру Dst00155.,36
срочно. АС Договор (Не отвечает),8
Восстановить почту  str.mos.ru ,13
Прошу восстановить пароль для логина ниже. Прошу восстановить пароль для логина ниже,11
Смените пожалуйста пароль на внешней почте.,13
"Удаленной доступ. 7-ом окне группы выдачи ОДиПД не включается компьютер.Просим помочь!Спасибо!С уважением,Бурова И.Ю.ОДиПДТелефон: (495)530-20-22 доб.5651",10
"Проблема в работе PlanTracer. Прошу вас решить проблему в работе  PlanTracer, проблемы с отображением лестницы. Направляющая вылетает за пределы, и выглядит следующим образом:   Должна выглядеть так:   Название устройства: LEN-VDI-417        _ _С уважением,__  _ _техник ГБУ «Мосгоргеотрест»__   _ _Гыгыкова Меладзия__  _ _8-495-666 13 00 (доб. 9911)__  _ _8-921 999 50 50__  _ ___",36
Просьба обновить отчет BI report. просьба обновить Power BI Report Server – «Отдел кадастровых работ» - «Паспортизация» - «Паспортизация (Объемы для Главконтроля)».,36
Пропуск авто на 25.08.2022,36
При выполнении территориального запроса ИЧ возникает ошибка,36
Не работает система АС(договор+ сводки),36
Федченко ОДиПД нужна помощь. Прошу обновить программу КриптоАрм – не могу открывать документы с ЭЦП.  И. Федченко ОДиПД 5652,5
"Ccc21. Ccc21 ушёл в зависание, оживите пожалуйста  Ему всю неделю плохо, как только он берет задачу – виснет и валит её и больше я ничего с ним не могу удаленно сделать, не по vnc и rdp  При этом он пингуется.",36
не могу зайти в ас договора!,15
"В система документооборота в ответном письме на № 18374/22 не проставился номер    С уважением,  Срибная А.Н.",36
RE: #600-267647: Программное обеспечение PrinCe (ПО CHC CGO 2.0 RTK),8
"Смена пароля. Прошу разблокировать учетный записи ниже представленных сотрудников, в связи с продлением их контракта:",11
прошу настроить доступ к Рослторг,36
"в система документооборота МГГТ, утрачен логин, пароль",12
Система.,36
АС ДОГОВОР. Не работает АС Договор – зависает при любом действии..(,15
В соответствии со служебной запиской «№ В - ОКР - 15642/21 от 14.12.2021» прошу организовать доступ к удаленному рабочему месту,23
"включите комп. При попытке подключится по старому ярлыку подключения подключаюсь к другому пк, с другой ос, и занятый сотрудником другого отдела. Имя требуемого компьютера: DST00585 из 301 кабинета. Пытаюсь подключится по следующему IP:172.16.123.155.",23
"Просьба установить ПО Adobe Photoshop На машины ссс01-ссс16. Дистрибутив можно взять здесь X:\Common\PGMtry2\Programs\  Спасибо!   _С уважением,_  *_Петрова Елена Владимировна_*  _ _Инженер 2 категории отдела №7__  _ _ГБУ «Мосгоргеотрест»__  _ _Кабинет 719__",5
не хватает места на диске . Удалите пожалуйста следующие учетные записи с компьютера 172.16.205.60/24 Bbabiy Dsineva Ekovalev Emaksaeva Etusnina IABDUGAPIROVA Iklimova Mvorozheykina Npatin,8
Добрый день.  Мне необходимо восстановить доступ к @str.mos.ru. Мне необходимо восстановить доступ к @str.mos.ru,13
Сбой в работе МГГТ Интегратор,36
"Открывает фото через раз , на диске С  пишет 0 байт свободно . Открывает фото через раз , на диске С пишет 0 байт свободно",17
"FW: Модуль внеш.корр в система документооборота. Помогите, пожалуйста настроить возможность просмотра модуля внеш.корреспонденции на Iphone (IOS 15.6.1) – при переходе в данный модуль экран остается пустой (после загрузки страницы по «полосе» загрузки) Пробовал разные браузеры – сафари, яндекс, хром… Везде результат одинаков.",18
перезагрузка компьютера,36
"Ccc21 ушёл в зависание, оживите пожалуйста  Ему всю неделю плохо, как только он берет задачу – виснет и валит её и больше я ничего с ним не могу удаленно сделать, не по vnc и rdp  При этом он пингуется.",36
"FW: Сбой в работе АС Договор. Проблема до сих пор не решена. Нет возможности оформить заявки, что приводит к нарушению сроков предоставления Услуги.   Невозможно выбрать виды работ в смете. Перезагрузка компьютера не помогла.",15
"Открывает фото через раз , на диске С  пишет 0 байт свободно ",17
уствновка 1c,5
Сотруднику 6-го отдела Потапову А.Л. (alpotapov) необходимо восстановить доступ к учетной записи (7 го января пароль автоматически сбросился)?! Спасибо за помощь,15
Не формируются документы в АС Договоре,36
 Установить ПО trueconf. ,5
Клавиатура+мышь. Прошу заменить в кабинете Ведущего инженера отдела №11 клавиатуру (залипают кнопки) и мышь (залипает правая кнопка и расфокусируется лазер) для ПК инв.№2101340000002687,28
"Прошу подключить телефоны в каб. 319, отключенные на время ремонта.  {\",9
Прошу обновить программу КриптоАрм – не могу открывать документы с ЭЦП.  И. Федченко ОДиПД 5652,5
"Отзыв: Полезные советы по ИТ. Пользователь Разлада Тарас Сергеевич хотел бы отозвать сообщение, ""Полезные советы по ИТ"".",36
АС Договор не отвечает. ,8
"Привет! Во исполнение распоряжения Балабанова А.В. о назначении ответственных.   Неожиданно в отделе №2 этот ответственный – Квадратов А.М (aktsov, т/н 256).  Активировать учетки в почте получается, зайти в приложение на mka-portal.mos.ru – не получилось ни у кого…  Если причины ошибки уже известны – отпишитесь, плз",13
Заблокировался вход в база данных. Не знаю какой пароль. Телефон Дарья,15
"Переадресация СДО. поставьте, пожалуйста, переадресацию СДО на время моего больничного (с 29.08.2022 по 04.09.2022)",36
"По ссылке задача не открывается. В программе СДО задача также не открывается. Задача есть, исполнить не могу.  { А как открыть ссылку на эту карточку? Пишет – страница недоступна",18
Доступ для редактирования,17
"учетная запись в базу данных. Помогите пожалуйста разблокировать учётную запись в базу данных. Пароль не помню.    _ _С уважением,__  _ _Главный специалист__  _ _отдела инвентаризации и кадастровых работ__  _ _ГБУ «Мосгоргеотрест»__  _ _Сасонов У.У.__   _ _Тел.: 8-495-230-10-02 доб.__  _ _57___ _-___ _89__  _ _Моб. +7___ _-___ _910___ _-___ _139___ _-___ _66___ _-___ _47__",15
помощь со входом,23
Рассылка о регистрации в единая почтовая система (str.mos.ru),13
Переадресация система документооборота,36
пароль.. У Шмелева Д.О. заблокировался пароль для входа в систему. Прошу сменить пароль.,14
FW: Новый документ № 3/22 - (148),36
"Не удается сформировать документы, программа зависает и закрывается",36
"Необходимо проверить наличие программного обеспечения для работы в СДО с ЭП.  С уважением, зав. столовой Козак А.И.",5
"Ошибка АС ""Договора""",36
Подключение МФУ. Прошу подключить МФУ в кабинете 310 по адресу ул. Беломорская 36д.  \,1
h2.  Список ответственных за получение паролей для работников ОВБ. h2.    _С уважением_   _Специалист по документообороту_  _отдела внутренней безопасности_  _ГБУ «Мосгоргеотрест»_  _Воронин Сергей Владиславович_  _(495) 531-33-10 (41-00)_ h2.   h2.,36
эл. подпись. Прошу помочь перейти на новую электронную подпись.,7
не работает СДО,18
"Перебои в работе интернета. С начала рабочего дня очень сильно тормозит интернет, иногда соединение пропадает совсем",20
Проблема установки PostGIS,5
"Удалите, пожалуйста, из система документооборота «Мои задачи» две задачи (скрин во вложении). Самостоятельно удалить не получается.  Спасибо",36
не работает монитор. ,10
"Не могу войти в система документооборота МГГТ, утрачен логин, пароль. Прошу новый пароль для входа в система документооборота. Спасибо.",12
"просьба поменять между работниками ПЭО монитор Бакуновой М.А. инвентарный № ZZWV4ZN300124E поменять с монитором Полятковой О.В. инвентарный № 2101340000002208. Так же просьба поменять местами в кабинете по адресу Зорге д.1, 7 этаж, кабинет 710",8
Обновить пароль,13
"твет на служебную записку В - АУП - 11225/22 от 29.08.2022 сообщаю:. В ответ на служебную записку В - АУП - 115/22 от 01.04.2022 сообщаю: Ответственные от АХО Зефир Х.Д., Барашкин Н.Н., Юхух Р.Ш., Шариков А.А.   _С уважением, заместитель начальника АХО_  _ГБУ «Мосгоргеотрест»_  *_Шариков Александр Александрович_*   _моб.: 8 (920) 991-31-74, вн. 6489_",36
установка 1С,5
Просьба прислать учётные данные ЕПС для первоначального входа.,13
"Помогите, пожалуйста настроить возможность просмотра модуля внеш.корреспонденции на Iphone (IOS 15.6.1) – при переходе в данный модуль экран остается пустой (после загрузки страницы по «полосе» загрузки) Пробовал разные браузеры – сафари, яндекс, хром… Везде результат одинаков.",18
"Корнакова Дарья Александровна новый сотрудник отдела № 3,учетная запись создана , где и как ей получить логин и пароль для входа в компьютер и в АС договопа",15
Переадресация СДО,36
"Выдать УЗ, настроить",36
"<Пустая тема>. АС-Договор не работает, не отправляются материалы в Ведомство.",15
"Черниговская Анна не может зайти в свою учетную запись Windows, по не понятным причинам. Просьба разобраться. Заранее спасибо! Телефон для связи +7(977)--99",11
"Требуется подключить принтеры, нет доступа   PRN0012 на x19  HP DesignJet T7200_Z2 на  x19",1
"Ответственный за получение паролей В-АУП-11225/22 от 29.08.2022. Лексутов Д.У.   _ _С уважением,__   _ _Начальник отдела договоров__   _ _и производственной диспетчеризации__  _ _Д.Н. Макеев__",36
"Открытие доступа в 1С Предприятие к вкладке ""Оперативный учет""",15
"Коллеги, В соответствии со служебной запиской Заместителя Управляющего Баранова А.В. от 29.08.2022 № В-АУП-11225/22 и в соответствии с приложенной служебной запиской, прошу Вас создать мне учетную запись на портале в единая почтовая система, почта @str.mos.ru.. Спасибо!",13
"Получение паролей ЕПС. Ответственный за получение паролей: Обухов Владимир Владимирович  Список сотрудников не имеющих почтовый ящик в домене  mggt.ru:  *1.*  *Староверов Ахтунг Вемиаминович* 2.  *Рубанов Дядькин Вадимович* – у него почтовый ящик есть, но он не помнит свой пароль и логин, так как работает в основном в поле. И не может посмотреть письмо с паролем и логином для ЕПС.",13
Мне необходимо восстановить доступ к @str.mos.ru,13
"Открывает фото через раз , на диске С пишет 0 байт свободно",17
Снова длительно висит АС Договор и АС Документ . Не можем отработать заявки МПГУ в регламентные сроки.,15
отказ в доступе к http://apexapp.mggt/. Ошибка при попытке доступа к сервису http://apexapp.mggt/,15
пропал почтовый ящик  @str.mos.ru. Прошу восстановить,13
телефоны,9
"почта @str.mos.ru . Коллеги, нужно очень оперативно проверить наличие у себя почты с доменом @str.mos.ru и сообщить мне до 15.30 24.08.2022 есть эта почта на Вашем компьютере или нет. Если почта есть, но проблемы с паролем, то делаем следующее: - пишем мне фразу «почта есть, проблемы с паролем» - после этого пишете на HelpDesk сообщение с просьбой восстановить пароль. Если пароль не восстановят до 11-00 25.08.2022, то опять терзаете HelpDesk до момента, пока Вам его не сделают.  Важный момент: если почтой @str.mos.ru не пользовались в районе 6 мес, то она удаляется, тогда пишете, что «почта удалена в связи с неиспользованием».  Также нужно посмотреть наличие этой почты у сотрудником, кто сейчас в отпуске.",36
"АС-Договор не работает, не отправляются материалы в Ведомство.",15
АС договора висят. Не возможно забить дату.,37
"Прошу установить мне 1С В СЗ при приеме на работу это было прописано (примерно 04.05.2022),",5
"С уважением,  Срибная А.Н.",36
"IWDM. Прошу предоставить выгрузку системных журналов, журнала приложений с сервера InfoWatch Device Monitor",36
"Список активных учетных записей ЕПС. В соответствии со служебной запиской В - АУП - 115/22 от 01.01.2022 Первый отдел направляет списки активных учетных записей ЕПС:  | Самошкин Дивина Владимировна |   +[ +SainDV@str.mos.ru+|mailto:SakhinDV@str.mos.ru] + |  + +dskhin@mggt.ru++ | | Сидр Колпак Васильевич |   +[ +SivAV2@str.mos.ru+|mailto:SivAV2@str.mos.ru] + |  + +avsidorov@MGGT.RU++ | | Кальмар Солнце Игоревна |   +[ +osisi1@str.mos.ru+|mailto:osisi1@str.mos.ru] + |  + +sova@mggt.ru++ | | Соловйе Иа Вячеслна |   +[ +soiv1@str.mos.ru+|mailto:soiv1@str.mos.ru] + |  + +isova@MGGT.RU++ | | Москва Няня Васильевна |   +[ +sobv@str.mos.ru+|mailto:sobv@str.mos.ru] + |  + +yva@MGGT.RU++ | |  |  |  |  С уважением, ведущий инженер Первого отдела ГБУ «Мосгоргеотрест» Бла бла бла, тел. 5752",36
не работает  почта . [GrasYA@str.mos.ru|mailto:GrasYA@str.mos.ru],13
Отправлено средством выделения фрагментов экрана,37
"MS8. Вышла из строя видеокарта. Есть возможность перемещения ПК из ком.212 . ул. Лавочкина 3А , 1 этаж,ком.404.",8
"Перезагрузите, пожалуйста, машины Ссс09 Ссс12 Ссс15 Ссс16 Спасибо!",8
"заявка не снимается. Не получается снять заявку.    С уважением, Елисеев Татушкин ГОЗиПД  * *ГБУ ""Мосгоргеотрест»** Эл.адрес: [teliseeva@mggt.ru|mailto:eeva@mggt.ru] тел. 8(495) 055 13 66 доб. 47 47",36
ЕПС авторизация,36
пароль. В связи с поручение правительства об установке приложения «SmartStaff» прошу выслать учетные данные единая почтовая система,13
Федченко ОДиПД нужна помощь,5
"Информационная рассылка: система документооборота МГГТ, обновление системы",36
О восстановлении пароля. Прошу оказать помощь в получении пароля и логина единая почтовая система Розенбаум М.Ю.,13
Прошу восстановить пароль @str.mos.ru (утрачен в 2021 г.) для входа в ЕПС,13
без перезагрузки в офисе удаленный доступ не подключается ,23
Возьми меня а работу. Сотруднику 6-го отдела Потапову А.Л. (alpotapov) необходимо восстановить доступ к учетной записи (7 го января пароль автоматически сбросился)?! Спасибо за помощь,15
Пароль,8
"не работает АСД. При работе с АС Документ не удается сохранить ничего. Подскажите, ведутся какие то работы?",37
система документооборота,36
"Замена картриджа. По адресу Зорге, д.1. каб.710 ПЭО, на Xerox Altalink C8135 требуется заменить желтый картридж",4
АС Договор,36
"Забыла пароль от учётной записи в АС МГГТ, теперь учетка заблокирована. Можно восстановить?",15
"FW: Re[2]: Заявление №1170087 Иванова Александра Витальевна.pdf.pdf, Образец фото с паспортом и заявлением1.JPG. Согласно данным из вложения, установите мне, пожалуйста, ЭЦП на рабочую машину и в АС-договор. Тел. 8-911-985-89-14    _ _С уважением,__   _ _Иванова Александра Витальевна__  _ _Кадастровый инженер отдела инвентаризации__  _ _и кадастровых работ ГБУ «Мосгоргеотрест»__    ЭЦП и файл cer в архивах       С уважением,     *Единый Портал Торгов*       *+7(3982) 585-223***  *[http://ept72.ru/|http://ept72.ru/]*               Понедельник, 29 августа 2022, 10:07 +05:00 от Иванова Ивана Ивановича <[iva@mggt.ru|mailto:via@mggt.ru]>:        Необходимые документы во вложении.    _ _С уважением,__   _ _Иванова Иван Иванович__  _ _Кадастровый инженер отдела инвентаризации__  _ _и кадастровых работ ГБУ «Мосгоргеотрест»__         *From:* Единый Портал Торгов <[info@ept72.ru|/compose?To=info@ept72.ru]>  *Sent:* Thursday, August 25, 2022 2:42 PM  *To:* Иванова Александра Витальевна <[ia@MGGT.RU|/compose?To=ia@MGGT.RU]>  *Subject:* Заявление №1000087 Иванова Александра Витальевна.pdf.pdf, Образец фото с паспортом и заявлением1.JPG  *Importance:* High      Просим поставить  *подпись строго как в паспорте*  и выслать  *сканы запроса и заявления*. Факсимиле не допустимо. Подпись должна быть синего цвета. Также просьба, произвести фотоидентификацию (сделать фото) *владельца ЭЦП с подписанным заявлением и паспортом в руках* (В  *правой* руке развернутый паспорт на странице с фото, в  *левой* руке заявление). Фото должно быть качественным, чтоб текст в паспорте и заявлении четко читался.  Важно: Если Вам позвонят из УЦ Айтиком и спросят, кто Вас идентифицировал, сообщите, что  *Стас* –  *сотрудник ООО «ЕПТ»* (это я) *.*     С уважением,     *Единый Портал Торгов*       *+7(3452) 585-223***  *[http://ept72.ru/|http://ept72.ru/]*",7
Замена мышки. Можно без служебки мышку заменить?,28
Прошу Вас переустановить на компьютер переустановить ЭЦП.,7
"Информационная рассылка: система документооборота МГГТ, обновление системы. Уважаемые пользователи! Сегодня 29.08.2022г. в период с 18-00 до 19-00 в система документооборота МГГТ планируются работы по обновлению. Система может работать нестабильно.     С уважением, Отдел ИиТП ГБУ «Мосгоргеотрест» Телефон технической поддержки 99- 21 [helpdesk@mggt.ru|mailto:heldesk@mggt.ru]",36
"Подскажите, с кем можно поговорить про отчет АС Договор-Отчеты-Производство-Ведение Сводного плана-Проекты для удаления из СПС. Кто отвечает за работу этого отчета, кто его может проверить на корректность? Интересует Удаление проектов с СПС по ИЧ.",36
просьба запросить новый пароль от почты str.mos.ru заместителю управляющегоЯловчук.А.П,13
не работает многофункциональное устройство,1
Не работает Бд:10000. ,37
пароль от диска МГГТ,21
"На служебную записку В - АУП - 11225/22 от 29.08.2022   Ответственный от бухгалтерии за предоставление списка активных учетных записей единая почтовая система . – Базыкина Я.А.. оБ УМХЦЕВОХА ЪБРЙУЛХ  *ч - бхр - 11225/22 ПФ 29.08.2022*  ч ВХИЗБМФЕТЙЙ ПФУХФУФЧХАФ ТБВПФОЙЛЙ, ОЕ ЙНЕАЭЙЕ РПЮФПЧЩИ СЭЙЛПЧ Ч ДПНЕОЕ mggt.ru.  пФЧЕФУФЧЕООЩК ПФ ВХИЗБМФЕТЙЙ ЪБ РПМХЮЕОЙЕ РБТПМЕК ДМС ТБВПФОЙЛПЧ, ОЕ ЙНЕАЭЙИ РПЮФПЧЩИ СЭЙЛПЧ Ч ДПНЕОЕ mggt.ru. ОЕ ОБЪОБЮБЕФУС пФЧЕФУФЧЕООЩК ПФ ВХИЗБМФЕТЙЙ ЪБ РТЕДПУФБЧМЕОЙЕ УРЙУЛБ БЛФЙЧОЩИ ХЮЕФОЩИ ЪБРЙУЕК еру . – вБЪЩЛЙОБ с.б.    у ХЧБЦЕОЙЕН  оПЧБЛПЧУЛЙК ь.з. ъБН.ЗМ. ВХИЗБМФЕТБ звх «нПУЗПТЗЕПФТЕУФ» фЕМ.(ТБВ): (495) 530-20-22 (ЧОХФТ.5-308) бДТЕУ: 125040, З.нПУЛЧБ, мЕОЙОЗТБДУЛЙК РТПУРЕЛФ, Д.11",36
не работает АСД,37
Учетная запись.. Прошу создать учетную запись Машкунову В.М. для входа в систему. С/З В - 3 - 10922/22 от 22.08.2022,11
Ошибка. Не могу открыть папку - ошибка (учетная запись сейчас отключена),36
Смена пароля,13
пароль от диска МГГТ. Прошу восстановить пароль от диска МГГТ,21
"На служебную записку В - АУП - 11225/22 от 29.08.2022   Ответственный от бухгалтерии за предоставление списка активных учетных записей единая почтовая система . – Базыкина Я.А.. оБ УМХЦЕВОХА ЪБРЙУЛХ  *ч - бхр - 11225/22 ПФ 29.08.2022*  ч ВХИЗБМФЕТЙЙ ПФУХФУФЧХАФ ТБВПФОЙЛЙ, ОЕ ЙНЕАЭЙЕ РПЮФПЧЩИ СЭЙЛПЧ Ч ДПНЕОЕ mggt.ru.  пФЧЕФУФЧЕООЩК ПФ ВХИЗБМФЕТЙЙ ЪБ РПМХЮЕОЙЕ РБТПМЕК ДМС ТБВПФОЙЛПЧ, ОЕ ЙНЕАЭЙИ РПЮФПЧЩИ СЭЙЛПЧ Ч ДПНЕОЕ mggt.ru. ОЕ ОБЪОБЮБЕФУС пФЧЕФУФЧЕООЩК ПФ ВХИЗБМФЕТЙЙ ЪБ РТЕДПУФБЧМЕОЙЕ УРЙУЛБ БЛФЙЧОЩИ ХЮЕФОЩИ ЪБРЙУЕК еру . – вБЪЩЛЙОБ с.б.    у ХЧБЦЕОЙЕН  оПЧБЛПЧУЛЙК ь.з. ъБН.ЗМ. ВХИЗБМФЕТБ звх «нПУЗПТЗЕПФТЕУФ» фЕМ.(ТБВ): (495) 530-20-22 (ЧОХФТ.5-308) бДТЕУ: 125040, З.нПУЛЧБ, мЕОЙОЗТбаза данныхУЛЙК РТПУРЕЛФ, Д.11",36
Заблокирована учетка,11
Не работает АС Договор Не работает Интегратор.,36
О восстановлении пароля,36
"FW: Проблема в работе личного кабинета . *Subject:* FW: Проблема в работе личного кабинета     Прошу помочь.       | ВНЕШНЯЯ програмное обеспечениеЧТА: | | Если отправитель почты неизвестен, не переходите по ссылкам, не сообщайте пароль, не запускайте вложения и сообщите коллегам из службы безопасности по адресу [ DITanishing@mos.ru|mailto:DITaishing@mos.ru] |      Возникла проблема при попытке записаться на прием через личный кабинет.   А именно в поле ""Номер договор"" автоматически предлагает выбрать нужный номер договора, при отправки заполненных данных для записи пишет об ошибке: - Введите номер договора; - Номер договора должен быть заполнен.   Прошу решить данный вопрос.",36
Микростанция висит при загрузке и не открывается,15
Список активных учетных записей ЕПС. В соответствии со служебной запиской В - АУП - 11225/22 от 29.08.2022 Первый отдел направляет списки активных учетных записей ЕПС:,36
"При работе с АС Документ не удается сохранить ничего. Подскажите, ведутся какие то работы?",37
"при попытке подключения к удаленному доступу возникла проблема   После запускаAnyConnect, по инструкции ввела пароль и логин но выдает ошибку, в настройках галочку убрала с пункта ""Block connection to untrusted servers"", не помогло. Что делать дальше? !!!!",23
Восстановление внешней почты str.mos.ru. ,13
найти 26 компов для нового офиса,28
замена картриджа,4
"не работает Ас договор. Не могу выбрать документы для формирования каких либо документов, при запросе АС договор не отвечает и висит    _ _С уважением, Новаковская Жанна,__   _ _Планово-экономический отдел ГБУ Мосгоргеотрест__  _ _Тел: +7(499)257-09-11, внутр. 5416__  _ _E-mail:__ [jnovakovskaya@mggt.ru|mailto:jnovakovskaya@mggt.ru]  _ _Адрес: г. Москва, ул. Зорге, д. 1, офис 710__",8
"Прошу восстановить почту str.mos.ru Телефон для контакта +7999 131 24 80С уважением, Инженер 1-ой категории отдела №9 (ОПС) ГБУ «Мосгоргеотрест»  *_ *_* т. (499) 133 21 04 [gmelnicova@mggt.ru|mailto:gmelnicova@mggt.ru]",13
"FW: #600-267647: Программное обеспечение PrinCe (програмное обеспечение CHC CGO 2.0 RTK). Коллеги, Прошу Вас установить на рабочие АРМы программное обеспечение, согласно заключенному контракту № 0373500001422000043 от 19.05.2022 «Поставка геодезического ГНСС оборудования». Данное програмное обеспечение предназначено для постобработки спутниковых наблюдений, экспорт файлов и т.д. Дистрибутив расположен ниже по ссылке.  Установку програмное обеспечение необходимо произвести на следующие АРМы работников отдела №3: {",5
Не работает MICROSTATION,15
"Не работает АС договор. При попытке зайти в раздел «Документы» АС договор зависает намертво. Невозможно сформировать ни акт, ни заключение, ни решение о приостановке. Прошу помочь в решении проблемы.",8
"Прошу установить на мой рабочий ПК ПО Leica JetStream, хотя бы просмоторщик чтобы можно было делать замеры с файла облака точек",5
Отзыв: Список активных учетных записей ЕПС,36
Ошибка антивируса,36
"В СДО в ответном письме на № 18374/22 не проставился номер    С уважением,  Срибная А.Н.",36
"Коллеги, Прошу Вас установить на рабочие АРМы программное обеспечение, согласно заключенному контракту № 0373500001422000043 от 19.05.2022 «Поставка геодезического ГНСС оборудования». Данное ПО предназначено для постобработки спутниковых наблюдений, экспорт файлов и т.д. Дистрибутив расположен ниже по ссылке.  Установку ПО необходимо произвести на следующие АРМы работников отдела №3: {",5
"Привет! Письмом, а не через портал – потому что там скриншоты прикрепляются с трудом. И никто на них потом не смотрит J. Компьютер вот такой. Новый, включен. Рядом пользователь (Гуськов Максим). Телефон 33-77. Если нужно – я тоже туда подойду.  Наконец-то (и года не прошло) появилась возможность переставить на него гамма-спектрометры со старой машины, которая на списание. Но для этого на новой машине нужен софт, сами установить его не можем. Дистрибутив вот тут:   Если сможете удаленно – поставьте, пжлст. Мы подключим к USB оба спектрометра и что-то попытаемся померять. Открыты USB или закрыты – неведомо. Они вот в таком статусе, но мне мало что говорит эта картинка (просто не знаю, какой она ДОЛЖНА быть).     Ну, или подарите мне на пару часов права локального админа на этой машине. Шалить не буду. Только установка Прогресса, и всё. J  Заранее спасибо.",5
учетная в АС-МГГТ. Прошу разблокировать мою учетную запись в АС-МГГТ.,12
нас не работают телефоны По моему добавочному номер занят По общему телефону Говорят что данный номер не используется,9
Визио. В связи с производственной необходимостью прошу установить ВИЗИО (продлить лицензию) Максаеву МА,5
"Удаленка. Прошу разблокировать учетный записи ниже представленных сотрудников, в связи с продлением их контракта: - Аккиева Татьяна Алексеевна, таб. 6822 - Малкова Анна Денисовна, таб. 6823 - Пылев Никита Алексеевич, таб. 6831 - Арефьева Софья Вадимовна, таб. 6825  Соответствующие документы можно запросить в Отделе Кадров",11
служба x2db,36
"Отчет. Прошу помочь сформировать отчет по сотруднику Ращупкиной О.Н. – заказы не загруженные в ЛК, то есть в Ас Договор в раздел Докум. с ЭЦП загружены проекты договоров, но в ЛК заказчику не попали    |",36
СДО-При нажатии кнопки отправить на согласование письмо – долго крутит – и потом выдает –Ошибка при завершении задачи,18
АС договор,37
подключение АРМ,8
Подключить компьютер. Подключить компьютер Григорьева А. С. В 403 кабинете.,8
По СДО,8
"подключение АРМ Лавочкина 23а, к. 513. ",8
Нет компа в сети. Не могу подключиться к тестовому компу  *Dst0079.mggt*,8
"коллеги. Не могу зайти на str.mos.ru почту, так как давно ей не пользовалась. Просьба обновить пароль.  Телефон для связи 89159996622. Работаю сейчас удаленно     *_ *_C_*_*  *_ *_уважением, Миронова Анна_*_*  *_ *_Отдел подземных сооружений_*_*  *_ *_Тел. (499)723 — 11- 04 внутр. 0000_*_*  *_ *__*_*  *_ *_E-mail:_*_*   *_[ *_ amironova_* *_ @mggt.ru_* |mailto:amironova@mggt.ru] _*  *_ *__*_*   *_[ *_ mironovaaa1_* *_ @_* *_ str.mos_* *_ .ru_* |mailto:mironovaaa1@str.mos.ru] _*",13
"Сброс пароля. Спасибо.-----Original Message-----From: HelpDesk <helpdesk@mggt.ru> Sent: Monday, January 10, 2022 7:00 AMTo: Тельпук Геннадий Афанасьевич <gtelpuk@mggt.ru>Subject: Истечение срока действия пароляУважаемый(ая) Тельпук Геннадий Афанасьевич!Срок действия пароля Вашей учётной записи для входа в систему истекает 21.01.2022 07:01.Во избежание неработоспособности, рекомендуется сменить пароль заранее.Для смены пароля следует нажать сочетание клавиш - CTRL+ALT+END при дистанционной работе или CTRL+ALT+DEL при работе локально и выбрать пункт «Изменить пароль»В случае затруднений, обратитесь в Сектор Эксплуатации по почте helpdesk@mggt.ru",14
"Не включается в бухгалтерии каб. 817 компьютер Аношина Виктория Игоревна Выключали из розетки и сеть, ничего не помогает",10
Список ответственных за получение паролей для работников ОВБ.. h2.  Список ответственных за получение паролей для работников ОВБ. h2.    _С уважением_   _Специалист по документообороту_  _отдела внутренней безопасности_  _ГБУ «Мосгоргеотрест»_  _Воронин Сергей Владиславович_  _(495) 531-33-10 (41-00)_ h2.   h2.,36
Переподключить АРМ Гуреевой ОН,8
пароль для входа в база данных,15
Прошу восстановить пароль @str.mos.ru . Прошу восстановить пароль @str.mos.ru (утрачен в 2021 г.) для входа в единая почтовая система,13
Сводки,36
Сотрудники,13
"Просьба выдать оборудование и переместить в серверное помещение Лавочкина 23а, к.105.      *From:* Крюков Евгений Юрьевич <eku@MGGT.RU>   *Sent:* Wednesday, August 24, 2022 11:47 AM  *To:* Удинцев Александр Сергеевич <audintsev@mggt.ru>  *Subject:* FW: Поставка ПАКМ КриптоПро HSM    Напишите заявку. Думаю, лучше ставить на лавку, чтоб не отъедать мощности на Зорге.     *From:* Шачнева Валерия Игоревна <[vshachneva@MGGT.RU|mailto:vshachneva@MGGT.RU]>   *Sent:* Wednesday, August 24, 2022 11:45 AM  *To:* Крюков Евгений Юрьевич <[eku@MGGT.RU|mailto:eku@MGGT.RU]>  *Cc:* Гальцов Никита Сергеевич <[ngaltsov@MGGT.RU|mailto:ngaltsov@MGGT.RU]>  *Subject:* FW: Поставка ПАКМ КриптоПро HSM    Евгений, я вышла из отпуска  Вчера мне переместили ПАК на склад – можете писать заявку на helpdesk уже  Для его выдачи Вам  Спасибо  { Железяка будет оприходована на центральном складе, 22.08 будет перемещена на склад ОИиТП. Для выдачи оборудования необходимо написать заявку на  helpdesk.",8
сбой в АС ДОГОВОР,36
"не работает интегратор и АС Договор. Пробовала перезагрузить, не помогает.    _ ___",8
Не могу удаленно подключиться к компьютеру iitp_216_18,23
настроить сканирование на мфу Голощапова. ,1
"система документооборота. Удалите, пожалуйста, из система документооборота «Мои задачи» две задачи (скрин во вложении). Самостоятельно удалить не получается.  Спасибо",36
"Перезагрузите, пожалуйста, машины Ссс10 Ссс16 Спасибо!",8
"не работает система документооборота!!. Просьба решить проблему в ближайшее время, так как не могу работать",18
Сброс пароля,14
"единая почтовая система. Восстановить пароль единая почтовая система Фролов П,А.",13
"По Договору 0373500001422000112 поставка состоится 25.08.2022По адресу ул. Беломорская, д. 23Автомобиль - FORD TRANSIT С552ТЕ799|*LastName*|*FirstName*|*Title*|*LID*|*PassportN*|*PassportV*|*Mobphone*||Ветохо|Александр Викторович|Водитель-экспедитор|1|45 09 703195|12.05.2008 О-нием по р-ну Южное Тушино ОУФМС России по гор. Москве в СЗАО|+79636945997|",36
"Шалимовой Юлии Викторовны утром перестала работать почта, она обратилась по телефону в службу поддержки, специалист перезагрузил виртуальную машину в 10 утра, до сих пор ничего не работает. Пожалуйста настройте виртуальную машину.",3
"FW: Получение паролей единая почтовая система. Прошу прислать логин и пароль для единая почтовая система еще для одного сотрудника, который не помнит пароля: Савватевв Ярослав Викторович     *From:* Обухов Владимир Владимирович   *Sent:* Monday, August 29, 2022 2:48 PM  *To:* 'HelpDesk@mggt.ru'  *Subject:* Получение паролей единая почтовая система    Ответственный за получение паролей: Обухов Владимир Владимирович  Список сотрудников не имеющих почтовый ящик в домене  mggt.ru:  *1.*  *Воскресенский Алексей Иванович* 2.  *Рудаков Дмитрий Вадимович* – у него почтовый ящик есть, но он не помнит свой пароль и логин, так как работает в основном в поле. И не может посмотреть письмо с паролем и логином для единая почтовая система.    *_ *__*_*  *_ *__*_*  *_ *__*_*  *_ *__*_*  *_ *__*_*  *_ *__*_*  *_ *_С уважением,_*_*  *_ *_Обухов Владимир Владимирович_*_*  *_ *_Начальник группы инженерно-геофизических исследований_*_*  *_ *_Отдел №2_*_*  *_ *_ГБУ «Мосгоргеотрест»_*_*  *_ **_*",13
"Проекты, которые раньше срабатывали за минуту, работают неадекватно долго, в лог выводится следующее сообщение:",37
Прошу восстановить пароль @str.mos.ru ,13
"Не формируются финансовые документы. * ***  * *Не формируются финансовые документы: акты выполненных работ, счета-фактуры, счета.**  * *Просьба срочно оказать содействие, т.к. Заказчики записаны на получение работ и финансовой документации.**  * ***  * *С уважением,**",36
<Пустая тема>,10
Смена пароля. Смените пожалуйста пароль на внешней почте.,13
Не могу подключиться черtз рдп к удаленному компьютеру Dst00155.,36
"Leica JetStream. Прошу установить на мой рабочий ПК програмное обеспечение Leica JetStream, хотя бы просмоторщик чтобы можно было делать замеры с файла облака точек",5
Списки,13
Не работает АС Договор Не работает Интегратор,36
"В АС договор система зависает на этапе попытки зайти в договор, в привязанные к договору письма или сформировать новое письмо  С уважением,  Рыжик Алина Валерьевна Планово-экономический отдел ГБУ «Мосгоргеотрест» тел. (499) 257-09-11 доб. 11-56 aryzhik@mggt.ru",15
"Заявка. Коллеги, В соответствии со служебной запиской Заместителя Управляющего Баранова А.В. от 29.08.2022 № В-АУП-11225/22 и в соответствии с приложенной служебной запиской, прошу Вас создать мне учетную запись на портале в единая почтовая система, почта @str.mos.ru.. Спасибо!",13
Сегодня 29.08.2022 изменила пароль для входа в база данных на  t34. Для входа на dvlp пароль истекает через 7 дней. Прошу оказать мне помощь в изменении пароля на  dvlp уже сегодня.,15
Подключение к удаленному доступу. В соответствии со служебной запиской «№ В - ОКР - 15642/21 от 14.12.2021» прошу организовать доступ к удаленному рабочему месту,23
Прошу оказать помощь в получении пароля и логина ЕПС Розенбаум М.Ю.,13
"Не работает СДО, исчезли все задачи.",18
необходима срочная установка электронной подписи,7
Просьбу удалить оракловую сессию (T34) с sid 1125. Просьбу удалить оракловую сессию (T34) с sid 1125,36
"Оживите ccc21 я не могу на него зайти, мои задачи падают.",36
ошибка входа в vdi. Ошибка входа в VDI (скрин во вложении),22
"Выдать УЗ, настроить",11
почта mos.str.ru просит пароль до бесконечности и не запускает оутлук. ,13
"У сотрудников ГПИР учетные записи в единая почтовая система активированы, но работают со сбоем!",13
"Почта. В соответствии со служебной запиской Заместителя Управляющего Баранова А.В. от 29.08.2022 № В-АУП-11225/22, и в соответствии с приложенной служебной запиской, необходимо создать учетную запись на портале в ЕПС, почта @str.mos.ru., начальнику группы по делам ГО и ЧС Дюдону С.Е., в связи с тем, что при создании предыдущей учетной записи на @str.mos.ru. пароль для входа в почту выдан не был.  С уважением, С.У. Волонтёр,  Заместитель начальника группы по делам ГО и ЧС, Телефон: +7 (495) 111-5251 (раб.); 99-33, 54-77 (внутр.), Адрес: 124102, г.Москва, ул.Лавашкина, д.66а, оф.905",13
не загружается Outlook,3
"Ранее учетная запись Кондрашиной С.Г. в ЕПС работало в системе Оutlook, однако в настоящее время нету папок с письмами.",0
Отвалилась база данных. Снова отвалилась база данных,37
удаление проекта в сдо,36
Тест компьютеров . Лавочкина 23,31
про отчет АС Договор,36
не работает база. Не работает АСД,37
воронкова не может подключиться,8
"коллеги! После перезагрузки АРМа программа перестала запускаться выдавая следующую ошибку:       *From:* Пышкин Качан Васильевич Кирилл Владимирович   *Sent:* Wednesday, August 24, 2022 3:23 PM  *To:* HelpDesk <helpdesk@mggt.ru>  *Cc:* Крыжановский Сергей Юрьевич <krez@MGGT.RU>  *Subject:* FW: #600-267647: Программное обеспечение PrinCe (програмное обеспечение CHC CGO 2.0 RTK)    Коллеги, Прошу Вас установить на рабочие АРМы программное обеспечение, согласно заключенному контракту № 0373500001422000043 от 19.05.2022 «Поставка геодезического ГНСС оборудования». Данное програмное обеспечение предназначено для постобработки спутниковых наблюдений, экспорт файлов и т.д. Дистрибутив расположен ниже по ссылке.  Установку програмное обеспечение необходимо произвести на следующие АРМы работников отдела №3:  1. Крыжановский С.Ю. (АРМ ot10_609_06, с/н 30284/1-10, инв. 18/1562); 2. Круглов К.В. (АРМ dst00398, с/н 039X1130034826, инв. 4101340000003570).  Спасибо!     *From:* Александр Шарипов <[support@prin.ru|mailto:support@prin.ru]>   *Sent:* Wednesday, August 24, 2022 12:19 PM  *To:* Пышкин Качан Васильевич <[KruglovKV@str.mos.ru|mailto:KruglovKV@str.mos.ru]>  *Cc:* [oek@prin.ru|mailto:oek@prin.ru]; [fkv@prin.ru|mailto:fkv@prin.ru]  *Subject:* #600-267647: Программное обеспечение PrinCe (програмное обеспечение CHC CGO 2.0 RTK)    | ВНЕШНЯЯ програмное обеспечениеЧТА: | | Если отправитель почты неизвестен, не переходите по ссылкам, не сообщайте пароль, не запускайте вложения и сообщите коллегам из службы безопасности по адресу [ DITantifishing@mos.ru|mailto:DITantifishing@mos.ru] |     по ссылке актуальная версия cgo [https://disk.yandex.ru/d/mLNnfwBLM0f64g|https://disk.yandex.ru/d/mLNnfwBLM0f64g]  Андрей пыпывов Помогаю по техническим вопросам  Больше ответов на ваши вопросы в нашей базе знаний [https://support.prin.ru/|https://support.prin.ru/] WhatsApp (только чаты):  [ *+7 (995) 112-34-91*|https://wa.me/79951123491]  Telegram: [ *@prin_support_bot*|http://t.me/prin_support_bot] Skype:  [ *PRIN_support*|https://join.skype.com/bot/2a607be6-0737-4aad-aa17-2f60ddb4ccb2]  Viber (для смартфонов): [ *prinsupport*|viber://pa?chaturi=prinsupport] Удаленная поддержка через [ *TeamViewer*|https://get.teamviewer.com/prinsupport]  Мы в [VK|https://vk.com/pringeo], [ Facebook|https://www.facebook.com/pringeo], [Instagram|https://www.instagram.com/prin_ao/], [ YouTube|https://www.youtube.com/channel/UCuSQNMHlT0TVlTp5E158rNA] [www.prin.ru|http://www.prin.ru/]  Тел.  *8-800-222-34-91* (бесплатно, пн-пт с 9 до 17)  Добавочный (набирать после приветствия) 0000 -------------------------------- Проверить статус данного обращения и ответы на него можно по адресу: [https://support.prin.ru/user/cases/record/600-267647|https://support.prin.ru/token/liPJIGNLChn6gzJziD7WcJjXnkvTXwYeYE8iUz7Aa2B7o42oP28sWlINDtucFfOWBRs6ga0x66EwtLTjH4V93HbkZWPWjO2cFTqTkTqoidEguiIK]  !https://support.prin.ru/tp_message/lSbMJGZGAx60on913j6MJM+Dy3aHDgQaZ0YiUg==!",8
"У группы документооборота на работает СДО.    С уважением, Костюченко К.Е.",18
"включение компьютера. Просьба включить мой компьютер, находящийся в комнате 713     С уважением, Блохина Н.А.",8
настройка АРМ,8
Виртуальная машина на тонком клиенте,3
найти 26 компов для нового офиса - Таганрог. найти 26 компов для нового офиса,28
не хватает места на диске ,8
"Переадресация система документооборота. поставьте, пожалуйста, переадресацию система документооборота на время моего больничного (с 29.08.2022 по 04.09.2022)",36
Телефоны. нас не работают телефоны По моему добавочному номер занят По общему телефону Говорят что данный номер не используется,9
"FW: Проблема в работе личного кабинета . *Subject:* FW: Проблема в работе личного кабинета     Прошу помочь.       | ВНЕШНЯЯ ПОЧТА: | | Если отправитель почты неизвестен, не переходите по ссылкам, не сообщайте пароль, не запускайте вложения и сообщите коллегам из службы безопасности по адресу [ DITanishing@mos.ru|mailto:DITaishing@mos.ru] |      Возникла проблема при попытке записаться на прием через личный кабинет.   А именно в поле ""Номер договор"" автоматически предлагает выбрать нужный номер договора, при отправки заполненных данных для записи пишет об ошибке: - Введите номер договора; - Номер договора должен быть заполнен.   Прошу решить данный вопрос.",36
Конкурентная задача в СДО (сбой),36
"На служебную записку В - АУП - 11225/22 от 29.08.2022   Ответственный от бухгалтерии за предоставление списка активных учетных записей ЕПС . – Базыкина Я.А.. оБ УМХЦЕВОХА ЪБРЙУЛХ  *ч - бхр - 11225/22 ПФ 29.08.2022*  ч ВХИЗБМФЕТЙЙ ПФУХФУФЧХАФ ТБВПФОЙЛЙ, ОЕ ЙНЕАЭЙЕ РПЮФПЧЩИ СЭЙЛПЧ Ч ДПНЕОЕ mggt.ru.  пФЧЕФУФЧЕООЩК ПФ ВХИЗБМФЕТЙЙ ЪБ РПМХЮЕОЙЕ РБТПМЕК ДМС ТБВПФОЙЛПЧ, ОЕ ЙНЕАЭЙИ РПЮФПЧЩИ СЭЙЛПЧ Ч ДПНЕОЕ mggt.ru. ОЕ ОБЪОБЮБЕФУС пФЧЕФУФЧЕООЩК ПФ ВХИЗБМФЕТЙЙ ЪБ РТЕДПУФБЧМЕОЙЕ УРЙУЛБ БЛФЙЧОЩИ ХЮЕФОЩИ ЪБРЙУЕК еру . – вБЪЩЛЙОБ с.б.    у ХЧБЦЕОЙЕН  оПЧБЛПЧУЛЙК ь.з. ъБН.ЗМ. ВХИЗБМФЕТБ звх «нПУЗПТЗЕПФТЕУФ» фЕМ.(ТБВ): (495) 530-20-22 (ЧОХФТ.5-308) бДТЕУ: 125040, З.нПУЛЧБ, мЕОЙОЗТБДУЛЙК РТПУРЕЛФ, Д.11",36
"FW: Новый документ № 3/22 - (148). Прошу оказать техническую поддержку.   С уважением, Кравцов Даниил      *From:* Oracle <oracle@iitp.mggt>   *Sent:* Friday, August 26, 2022 11:09 AM  *To:* Нехороших Елена Александровна <enekhoroshikh@MGGT.RU>; Васина Юлия Андреевна <yuvasina@mggt.ru>; Баранов Александр Владимирович <avbaranov@MGGT.RU>; Медведев Глеб Геннадьевич <gmedvedev@MGGT.RU>; Шведова Екатерина Владимировна <eshvedova@MGGT.RU>; Федосеева Нина Николаевна <nfedoseeva@MGGT.RU>; Савитская Елена Викторовна <esavitskaya@MGGT.RU>; Терёшина Татьяна Васильевна <tkosyakova@mggt.ru>; Карпова Лилия Александровна <lkarpova@MGGT.RU>; Кравцов Даниил Павлович <dpkravtsov@MGGT.RU>; Бочаров Александр Андреевич <abocharov@mggt.ru>; Богатова Мария Александровна <mbogatova@MGGT.RU>; Кутукова Светлана Валерьевна <skutukova@mggt.ru>  *Subject:* Новый докуме",36
"АС Договор. опять завис АС Договор   _С уважением,_",15
"заявка (почта str.mos.ru у Яловчука А.П.). Ярчука. не работает почта str.mos.ru. Прошу проверить (в пятницу уже настраивали, но до сих пор не работает).С уважением, Бубулькин Бобров ИгоревичОтдел координации деятельностиГБУ «Мосгоргеотрест» 8-495-500-20-62, доб. 7552",13
"настройка электронной подписи . Прошу настроить электронную подпись.     С уважением,",7
"В кабинете 104 отдела кадров не работает многофункциональное устройство, ранее направлялась заявка, приходил специалист и сказал, что необходимо заказать детали для ремонта. Сориентируйте, пожалуйста, по срокам, когда нам наладят работу многофункциональное устройство. Спасибо.",1
Замена Пароля в АС МГГТ. Мне необходимо заменить пароль в АС МГГТ.,15
Заблокирована учетная запись и доступ к почте,11
"В связи с разъездном характером работы, прошу оказать содействие в настройке на смартфоне ПО для прочтения и отправки электронных писем и просмотра задач в СДО.",18
К ПРЕДЫДУЩЕМУ ПИСЬМУ…. Просьба изменить ФИО с 29.08.2022г,36
Отвалилась БД. Снова отвалилась БД,37
"Прошу содействия в настройке почты @str.mos.ru   _ _С уважением,__   _ _Инженер камеральной группы__  _ _Отдела инвентаризации и кадастровых работ__  _ _ГБУ «МОСГОРГЕОТРЕСТ»__  _  _ ___",13
В соответствии со служебной запиской № В - АУП - 11225/22 от 29.08.2022 ответственным от отдела № 3 назначен Пышкин Киркор Владимирович [kkruglov@MGGT.RU|mailto:klov@MGGT.RU] Просьба направить необходимую информацию указанному сотруднику на почту.,13
"замена тоннера. Замените, пожалуйста, черный тонер-картридж в принтере  AltaLink C8030. 610 кабинет. Спасибо!",4
Подключение к рассылке от Oracle ,36
Прошу заменить в кабинете Ведущего инженера отдела №11 клавиатуру (залипают кнопки) и мышь (залипает правая кнопка и расфокусируется лазер) для ПК инв.№2101340000002687,28
Прошу восстановить ранее установленную почту  [KorchinovaLA@str.mos.ru|mailto:KorchinovaLA@str.mos.ru] Спасибо.,13
У сотрудника группы согласования Арефьевой Софьи заблокировалась учетка.  Просьба разблокировать.   Спасибо.,11
| Калинушкин | Сергей | Николаевич |  |  * *skalinushkin** | |    |  |  |  |  * *** |   Данному сотруднику отдела № 3 не приходили информационные письма с логином\паролем и инструкции. Прошу прислать.   -----------------------------------------------------------------------------------------------------------------------  Отдел Инженерно-геодезических изысканий Сектор обследования подземных коммуникаций   * ** e-mail: [gbelenko@mggt.ru|mailto:gbelenko@mggt.ru]  * ** e-mail: [podzemkamggt@gmail.com|mailto:podzemkamggt@gmail.com],13
СДО,18
"Прошу переместить рабочее место Новаковского Э.Г. в каб.815, рабочее место Сорокина М.А в каб. 814. Не могу открыть станцию.  Посмотрите, пожалуйста.",8
<Пустая тема>. Установимте пож-та новый сертификат,5
Доступ,12
"здравствуйте, не могу войти в базу. Тест      С Уважением, Иван.",36
"Обновили на новую подпись Назаркин, в АС выдает ошибку",36
Когда будет выдан логин и пароль Машкунову В.М.? Служебная записка В-3-10922/22,11
Нет номера письма в СДО ,36
"Не могу войти в СДО МГГТ, утрачен логин, пароль. Прошу новый пароль для входа в СДО. Спасибо.",12
система документооборота-При нажатии кнопки отправить на согласование письмо – долго крутит – и потом выдает –Ошибка при завершении задачи,18
прислать учётные данные единая почтовая система. Просьба прислать учётные данные единая почтовая система для первоначального входа.,13
Не работает АС Договор Не работает Интегратор. Не работает АС Договор Не работает Интегратор.,36
О восстановлении пароля. Прошу оказать помощь в получении пароля и логина ЕПС Розенбаум М.Ю.,13
ЭП. Прошу помочь с переходом на новый сертификат ЭП,7
Установимте пож-та новый сертификат,5
использование программы «SmartStaff»,36
"доверенность. Внесите, пожалуйста, в систему новую доверенность.  Спасибо",36
подключение принтера,1
снова перестала работать почта стр.мос.ру. Вчера после обеда не отправлялись письма. Сегодня утром работала. Сейчас после 12 снова не отправляются .,13
Список ответственных за получение паролей для работников ОВБ.,36
"FW: Re[4]: Подготовка ЭЦП ,сотруднику Мосгоргеотресту. кадастровому инженеру Назаркину Владимири",7
"Прошу оказать техническую поддержку.   С уважением, Кравцов Даниил      *From:* Oracle <oracle@iitp.mggt>   *Sent:* Friday, August 26, 2022 11:09 AM  *To:* Нехороших Елена Александровна <enekhoroshikh@MGGT.RU>; Васина Юлия Андреевна <yuvasina@mggt.ru>; Баранов Александр Владимирович <avbaranov@MGGT.RU>; Медведев Глеб Геннадьевич <gmedvedev@MGGT.RU>; Шведова Екатерина Владимировна <eshvedova@MGGT.RU>; Федосеева Нина Николаевна <nfedoseeva@MGGT.RU>; Савитская Елена Викторовна <esavitskaya@MGGT.RU>; Терёшина Татьяна Васильевна <tkosyakova@mggt.ru>; Карпова Лилия Александровна <lkarpova@MGGT.RU>; Кравцов Даниил Павлович <dpkravtsov@MGGT.RU>; Бочаров Александр Андреевич <abocharov@mggt.ru>; Богатова Мария Александровна <mbogatova@MGGT.RU>; Кутукова Светлана Валерьевна <skutukova@mggt.ru>  *Subject:* Новый докуме",36
"В связи с разъездном характером работы, прошу оказать содействие в настройке на смартфоне програмное обеспечение для прочтения и отправки электронных писем и просмотра задач в СДО.",18
не могу подключиться,1
Активация SmartStaff,5
"Мне необходимо восстановить доступ к почте @str.mos.ru   С уважением, Костюченко К.Е.",13
Можно без служебки мышку заменить?,28
Прошу переслать файл с телефона,36
Восстановление пароля str,13
"В кабинете 104 отдела кадров не работает МФУ, ранее направлялась заявка, приходил специалист и сказал, что необходимо заказать детали для ремонта. Сориентируйте, пожалуйста, по срокам, когда нам наладят работу МФУ. Спасибо.",1
Отвалилась база данных,37
"Ранее была служебная записка об открытии доступа к ресурсам, в частности к 2 ГИС карты и Яндекс карты, сейчас почему-то у меня эти ресурсы не работают, могли бы мне настроить их на рабочем компьютере?",20
Замена ФИО подписанта от МКА в Уведомлениях по ГЗ,36
"поставьте, пожалуйста, переадресацию система документооборота на время моего больничного (с 29.08.2022 по 04.09.2022)",36
"Привет! Включите комп, пожалуйста",36
"Настройки АРМ. В связи с окончанием работ по установкой нового релиза, полученного от РеИнфолрм прошу  Выполнить необходимые настройки на рабочих местах для выполнения тестирования.  Отдел ТИМ: Быданцева Н.Ю. Крюкова Т.Д. Лысова Е.В Отдел №3: Бардыбахина О.Ю,  Черкасова Н.А.  Отдел ОКР: Сидоров А.Н. Киселев С.В. Маркин Е.Н.  Крюкова Татьяна Дмитриевна  Отдел ВТИМ +7(916)6296866",8
ас договор не работает,15
На рабочем месте контролеров СПР ОВБ по адресу Ленинградский проспект д. 3 не включается ПК.  *На ПК подключена орано-пожарная сигнализация и видеонаблюдение.*   * *каб. 302**,10
твет на служебную записку В - АУП - 11225/22 от 29.08.2022 сообщаю:,36
Не устанавливается python модуль для QGIS,5
Помощь Гришиной,14
"Прошу помочь подгрузить новую ЭЦП на Портал поставщиков. Также не могу отправлять сообщения с внешней почты, требует ввести пароль, после ввода пароля ничего не меняется. Работаю на дистанционке.",7
В связи с поручение правительства об установке приложения «SmartStaff» прошу выслать учетные данные ЕПС,13
RE: Истечение срока действия пароля. ,8
АС договор. Опять не работает АС договор! Каталог координат тоже не отвечает!,37
Замена мышки и клавиатуры,28
"Помогите, пожалуйста, восстановить пароль для почты …@str.mos.ru",13
"Завис комп, не могу отметить возврат подписанного акта по этапу.",10
Настройка АРМ ОКР,8
выдача ролей сотрудникам,36
Нет связи с базой данных. Спасибо.,37
база данных отвалилась.. Снова отвалилась база данных,37
АС договора. АС договора висят. Не возможно забить дату.,37
АС Договор не отвечает,8
FW: Получение паролей единая почтовая система,13
"Просьба выдать новый пароль Трофимову М.С, т.к. старый был введен неверно 3 раза",15
проблемы с почтой str.mos. Прошу наладить работу почты  KarmalinaLA@str.mos.ru. Прошу устранить проблемы с отправкой писем почты [lkarmalina@MGGT.RU|mailto:lkarmalina@MGGT.RU] –автоматически не отправляется.,3
"502  комната, Ленинградка, 23. Для многофункциональное устройство WC  6515 нужен  пурпурный принт – картридж, который сбоку вставляется, большой",1
разблокировать базу,15
"Настройте, пожалуйста, ЭЦП (сижу в офисе, доб. 57-42)",7
"Прошу выдать пароль для почтового ящика в домене mggt.ru.   Кузнецову Александру Ивановичу (таб.№ 1202)    *_ *_С уважением,_*_*  *_ *__*_*  *_ *_Боброва Заинона Пыпкина_*_*  *_ *_Специалист по д/о 1 кат._*_*  *_ *_ГБУ «Московский городской трест_*_*  *_ *_геолого-геодезических и картографических работ»_*_*  *_ *__*_*  *_ *_тел_*_**_ *_: +7 (495) 789-55-44_*_*  *_ *_вн_*_**_ *_. 42-01_*_*  *_ *_e-mail:_*_*  *_+ *_+zkiseleva@mggt.ru+_*+_*  * ***  _____________________________________________",3
Не работает Бд:10000. Зависла. Помогите пожалуйста.,37
СЗИ единая почтовая система ПМ,36
При попытке поставить Отказ в Сводках система зависает (пытаюсь поставить отказ на 9/7885-22). С другого компьютера так же не получилось проставить отказ.,36
"Проблема с заявкой на приёмку ИД 6/86011а-22. Не появился регистрационный номер и, соответственно, нет записей в АС «Исполнительные чертежи» и АС «Архив». ИД была принята под номером 7709а-22. В МКА всё закрыто, заявителем результат получен. В связи с важностью наличия информации о принятой ИД в наших ресурсах прошу решить проблему в возможно короткие сроки.",27
Рассылка о регистрации в единая почтовая система (str.mos.ru). | Калинушкин | Сергей | Николаевич |  |  * *skalinushkin** | |    |  |  |  |  * *** |   Данному сотруднику отдела № 3 не приходили информационные письма с логином\паролем и инструкции. Прошу прислать.   -----------------------------------------------------------------------------------------------------------------------  Отдел Инженерно-геодезических изысканий Сектор обследования подземных коммуникаций   * ** e-mail: [gbelenko@mggt.ru|mailto:gbelenko@mggt.ru]  * ** e-mail: [podzemkamggt@gmail.com|mailto:podzemkamggt@gmail.com],13
не работает база,37
Leica JetStream,5
Системная ошибка в счетах. В исполнителях только Аблаев,8
"проблемы с сетью, телефоном и тд",10
эцп,5
"Для многофункциональное устройство WC  6515 нужен  пурпурный принт – картридж, который сбоку вставляется, большой",1
"Троицк. Федченко. проблемы с сетью, телефоном и тд",10
"6 отдел. С самого утра не работает АС Договор сводки, не сохраняет данные по номеру КС.",15
Вчера после обеда не отправлялись письма. Сегодня утром работала. Сейчас после 12 снова не отправляются .,13
"Машкунов В.М.. Подскажите к кому обратиться, чтоб в АС Договор появилась фамилия нового сотрудника Машкунова В.М. в составе бригады №3 ППК. Начальник группы Бреус О.А.",37
microstation,37
"Ошибка в СДО. Пропали все «Мои задачи»      _ _С уважением,__   _ _Лапай Татьяна Александровна__   _ _Отдел инженерно-геодезических изысканий__   _ _ГБУ «Мосгоргеотрест»__  _ _тел. 8 (495) 530-20-22 (12-27)__",18
Просьба прислать учётные данные единая почтовая система для первоначального входа.,13
Доступ для редактирования. Необходимо предоставить доступ в X:\Otdel3\FIELD\ЛГР для редактирования сотрудникам отдела №3: 1. Кривцова В.Э. (таб.№273),17
Файл с телефона. Прошу переслать файл с телефона,36
Просьба разблокировать базу,15
Внешняя почта,0
не работает  почта ,13
"Блоки питания для SIP-Телефона T58A. Связаться с Хатари Олегом (207 каб, Зорге, 1) и попросить у него 3 блока питания для SIP-Телефона T58A. Отправить их рейсовым на Лавочкина, 23А.",28
"Не работает MICROSTATION. Не могу начать работу, не работает microstation",15
Установка клиента IWT 7.1 на АРМ DST00602,5
Визио,5
len-vdi-i-02,22
"У Симоновой А.Д. помощникам в СДО не приходят письма.  Ранее поручения приходили всем (список ниже) как Конкурентная задача, на этой неделе письма поступают только Симоновой А.Д.  Список помощников Симоновой А.Д.: | Хохлова Ирина Сергеевна | | Дмитриевская Анастасия Александровна | | Бойкова Ксения Васильевна | | Романова Надежда Эдуардовна | | Гармаш Татьяна Игоревна |   1. Добавьте, пожалуйста, в помощники Симоновой А.Д, всех сотрудников, указанных в таблице. 2. Можно сделать так, чтобы уже имеющиеся письма в СДО увидели все помощники? {",36
"поставьте, пожалуйста, переадресацию СДО на время моего больничного (с 29.08.2022 по 04.09.2022)",36
Замена картриджа,4
RE: Восстановление доступа сотрудников. Прошу разблокировать данные учетные записи для удаленной работы с геологической база данных на срок до 01.03.2022:,11
ДОБРОЕ УТРО! Шмелев Д.О не может вспомнить пароль. Как быть?,11
"Коллеги,  Прошу оказать содействие в переподключении АРМ работника группы гос. задания ОДиПД Гуреевой О.Н. Её рабочее место было перемещено в конце рабочего дня 30.12.2022.  Сетевой шнур был: – _вынут_ из розетки 01-08; – _включен_ в розетку 03-21.",8
"Не получается проголосовать. При входе через телефон пишет, что бюллетень уже получен.",36
"В соответствии с пунктом 3 служебной записки, направляю список работников Сектора ЗИ, имеющих активированные учетные записи в единая почтовая система ПМ:  1. Знатоков Ж.Б.  2. Колесов У.Ю.  3. Перов П.П.  4. Черчиль И.Н. в отпуске до 31.88.2022.  С уважением, Колесов Игнат Специалист по ЗИ ГБУ <Мосгоргеотрест>",36
Расчётные машины СС,36
"Необходимо проверить наличие программного обеспечения для работы в система документооборота с ЭП.  С уважением, зав. столовой Козак А.И.",5
Не работает АС договор,8
заявка (почта str.mos.ru у Яловчука А.П.),13
не работает телефон,9
"На служебную записку В - АУП - 11225/22 от 29.08.2022   Ответственный от бухгалтерии за предоставление списка активных учетных записей единая почтовая система . – Базыкина Я.А.. В бухгалтерии нет работников, не имеющих почтовых ящиков в домене mggt.ru. , поэтому  Ответственный за получение паролей для работников, не имеющих почтовых ящиков в домене mggt.ru. не назначается Ответственный от бухгалтерии за предоставление списка активных учетных записей единая почтовая система . – Базукина О.И.     С уважением  Новацкий Ш.Г. Зам.гл. бухгалтера ГБУ «Мосгоргеотрест» Тел.(раб): (495) 032-02-22 (внутр.1-008) Адрес: 100040, г.Москва, Ленинградский проспект, д.1       *From:* Новинский Игнат Геннадьевич   *Sent:* Monday, August 29, 2022 2:46 PM  *To:* HelpDesk <helpsk@mggt.ru>  *Cc:* Базыкина Яна Андреевна <yabazykina@mggt.ru>; Воронин Майкл Андреевич <mskin@mggt.ru>  *Subject:* На служебную записку В - АУП - 11225/22 от 29.08.2022 Ответственный от бухгалтерии за предоставление списка активных учетных записей единая почтовая система . – Базукина О..    оБ УМХЦЕВОХА ЪБРЙУЛХ  *ч - бхр - 11225/22 ПФ 29.08.2022*  ч ВХИЗБМФЕТЙЙ ПФУХФУФЧХАФ ТБВПФОЙЛЙ, ОЕ ЙНЕАЭЙЕ РПЮФПЧЩИ СЭЙЛПЧ Ч ДПНЕОЕ mggt.ru.  пФЧЕФУФЧЕООЩК ПФ ВХИЗБМФЕТЙЙ ЪБ РПМХЮЕОЙЕ РБТПМЕК ДМС ТБВПФОЙЛПЧ, ОЕ ЙНЕАЭЙИ РПЮФПЧЩИ СЭЙЛПЧ Ч ДПНЕОЕ mggt.ru. ОЕ ОБЪОБЮБЕФУС пФЧЕФУФЧЕООЩК ПФ ВХИЗБМФЕТЙЙ ЪБ РТЕДПУФБЧМЕОЙЕ УРЙУЛБ БЛФЙЧОЩИ ХЮЕФОЩИ ЪБРЙУЕК еру . – вБЪЩЛЙОБ с.б.",36
"Лист D1202 ресурса  МГГТ-Список слоев-Подземные коммуникации-Оперативный план ПК- Контрольная съемка появляется ошибка - Рабочий набор содержит ошибки – при попытке удалить контур КГС.  КС 13435-22, ИЧ 379-22. Лист D1202 ресурса: МГГТ-Список слоев-Подземные коммуникации-Оперативный план ПК- Контрольная съемка, появляется ошибка - Рабочий набор содержит ошибки – при попытке удалить контур КГС через формуляр КГС. КС 13435-22, ИЧ 379-22. Можете помочь? Заранее спасибо.",36
"Отправлено средством ""Ножницы"" База висит!. ",36
"Перезагрузка машин. Перезагрузите, пожалуйста, машины Ссс10 Ссс16 Спасибо!",8
АС Договор (Не отвечает),8
не уходят письма с внешней почты. ,3
срочно,37
"Установка програмное обеспечение на телефон. В связи с разъездном характером работы, прошу оказать содействие в настройке на смартфоне програмное обеспечение для прочтения и отправки электронных писем и просмотра задач в СДО.",18
По регистрации в str.mos.ru работников отдела №11 в списках так же отсутствуют: Кадыков А.С.; Козлов П.И.; Дюканов А.И.   С уважением  Заместитель начальника отдела №11  Колосовский А.Э.  _ _ +7 (499) 257 09 11 доб. 21-54; 23-34__,13
Список активных учетных записей ЕПС,36
Ответственный за получение паролей в ЕПС для работников б/о «Искра» Алымова Галина Николаевна.,36
"<Пустая тема>. Помогите настроить ЭП.  Спасибо!  С уважением, Макеев Д.Н.",7
"Учетные данные ЕПС для первоначального входа. Прошу выдать учетную запись в Единой почтовой системе (ЕПС, почта @str.mos.ru) Щербаковой Л.А.(таб.№ 3078)    *_ *_С уважением,_*_*  *_ *__*_*  *_ *_Бандукова Зинаида Павловна_*_*   *_ *_e-mail:_*_*  *_+ *_+zkiseleva@mggt.ru+_*+_*  * ***  _____________________________________________",13
"Ас Договор.. Не сохраняются изменения (даты) в Ас Договор, виснет.",15
отдел №6,10
"FW: Получение паролей ЕПС. Прошу прислать логин и пароль для ЕПС еще для одного сотрудника, который не помнит пароля: Савватевв Ярослав Викторович     *From:* Обухов Владимир Владимирович   *Sent:* Monday, August 29, 2022 2:48 PM  *To:* 'HelpDesk@mggt.ru'  *Subject:* Получение паролей ЕПС    Ответственный за получение паролей: Обухов Владимир Владимирович  Список сотрудников не имеющих почтовый ящик в домене  mggt.ru:  *1.*  *Воскресенский Алексей Иванович* 2.  *Рудаков Дмитрий Вадимович* – у него почтовый ящик есть, но он не помнит свой пароль и логин, так как работает в основном в поле. И не может посмотреть письмо с паролем и логином для ЕПС.    *_ *__*_*  *_ *__*_*  *_ *__*_*  *_ *__*_*  *_ *__*_*  *_ *__*_*  *_ *_С уважением,_*_*  *_ *_Обухов Владимир Владимирович_*_*  *_ *_Начальник группы инженерно-геофизических исследований_*_*  *_ *_Отдел №2_*_*  *_ *_ГБУ «Мосгоргеотрест»_*_*  *_ **_*",13
"Конкурентная задача в СДО (сбой). У Симоновой А.Д. помощникам в СДО не приходят письма.  Ранее поручения приходили всем (список ниже) как Конкурентная задача, на этой неделе письма поступают только Симоновой А.Д.  Список помощников Симоновой А.Д.: | Хохлова Ирина Сергеевна | | Дмитриевская Анастасия Александровна | | Бойкова Ксения Васильевна | | Романова Надежда Эдуардовна | | Гармаш Татьяна Игоревна |   1. Добавьте, пожалуйста, в помощники Симоновой А.Д, всех сотрудников, указанных в таблице. 2. Можно сделать так, чтобы уже имеющиеся письма в СДО увидели все помощники? {",36
Новый пароль для почты STR,13
учетная в АС-МГГТ,12
Не работает Бд:10000. . Не работает Бд:10000. Зависла. Помогите пожалуйста.,37
"Установка програмное обеспечение на телефон. В связи с разъездном характером работы, прошу оказать содействие в настройке на смартфоне програмное обеспечение для прочтения и отправки электронных писем и просмотра задач в система документооборота.",18
Просьба заменить черный тонер на принтере  Versalink C505 Кабинет 319 Беломорская 36Д   {,4
"Не удается поставить статус ""Отказ"" в Сводках. При попытке поставить Отказ в Сводках система зависает (пытаюсь поставить отказ на 9/7885-22). С другого компьютера так же не получилось проставить отказ.",36
"Коллеги, нужно очень оперативно проверить наличие у себя почты с доменом @str.mos.ru и сообщить мне до 15.30 24.08.2022 есть эта почта на Вашем компьютере или нет. Если почта есть, но проблемы с паролем, то делаем следующее: - пишем мне фразу «почта есть, проблемы с паролем» - после этого пишете на HelpDesk сообщение с просьбой восстановить пароль. Если пароль не восстановят до 11-00 25.08.2022, то опять терзаете HelpDesk до момента, пока Вам его не сделают.  Важный момент: если почтой @str.mos.ru не пользовались в районе 6 мес, то она удаляется, тогда пишете, что «почта удалена в связи с неиспользованием».  Также нужно посмотреть наличие этой почты у сотрудником, кто сейчас в отпуске.",36
Телефоны,9
Ответственные за получение паролей: Чехалкин Арсен Павлович – начальник сектора Батрутдинов Армен Олгынович – начальник группы Тутберидзе  Мария Юрьевна – начальник группы Березкина Наиля Павловна – начальник группы,10
Файл с телефона,36
"Прошу выдать учетную запись в Единой почтовой системе (ЕПС, почта @str.mos.ru) Щербаковой Л.А.(таб.№ 3078)    *_ *_С уважением,_*_*  *_ *__*_*  *_ *_Бандукова Зинаида Павловна_*_*   *_ *_e-mail:_*_*  *_+ *_+zkiseleva@mggt.ru+_*+_*  * ***  _____________________________________________",13
!. Снова длительно висит АС Договор и АС Документ . Не можем отработать заявки МПГУ в регламентные сроки.,15
отдел №6. Ответственные за получение паролей: Чехалкин Арсен Павлович – начальник сектора Батрутдинов Армен Олгынович – начальник группы Тутберидзе  Мария Юрьевна – начальник группы Березкина Наиля Павловна – начальник группы,10
Удаленной доступ,10
"Необходимо изменить пароль для внешней почты, т.к. он был введен на русском.",13
"Почта. В соответствии со служебной запиской Заместителя Управляющего Баранова А.В. от 29.08.2022 № В-АУП-11225/22, и в соответствии с приложенной служебной запиской, необходимо создать учетную запись на портале в единая почтовая система, почта @str.mos.ru., начальнику группы по делам ГО и ЧС Дюдону С.Е., в связи с тем, что при создании предыдущей учетной записи на @str.mos.ru. пароль для входа в почту выдан не был.  С уважением, С.У. Волонтёр,  Заместитель начальника группы по делам ГО и ЧС, Телефон: +7 (495) 111-5251 (раб.); 99-33, 54-77 (внутр.), Адрес: 124102, г.Москва, ул.Лавашкина, д.66а, оф.905",13
Помогите пожалуйста разблокировать учётную запись Sent from Android device,11
В связи с поручение правительства об установке приложения «SmartStaff» прошу выслать учетные данные единая почтовая система,13
БД отвалилась.. Снова отвалилась БД,37
Проблема с AutoCAD,36
В связи с производственной необходимостью прошу установить ВИЗИО (продлить лицензию) Максаеву МА,5
"прошу настроить Почту МГГТ в Первом отделе в пом. 302 на Лавочкина, 23А. у нескольких сотрудников Первого отдела при отправке почтовых отправлений, они вместо отправки адресату, переходят в папку ""исходящие"", где их приходится повторно отправлять адресату (вместо полной уверенности, что письмо давно уже отправлено и получено)",3
Новый пароль для почты STR. просьба запросить новый пароль от почты str.mos.ru заместителю управляющегоЯловчук.А.П,13
Установка програмное обеспечение на телефон,18
<Пустая тема>,7
восстановить пароль,13
"заменить сборник отходов аппарат Xerox AltaLik C8035. Просьба заменить сборник отходов аппарат  Xerox AltaLik C8035. Спасибо!   _ ___  _ _С уважением,__  _ _Яна Базыкина__  _ ___  _ _ГБУ «Мосгоргеотрест»__  _ _Ведущий специалист__  _ _бухгалтерии__  _ _Тел.+7499257 09 11 доб.14-91__",36
срочно,8
обновить КриптоАрм. У меня некорректно отображаются ЭЦП в актах от Заказчиков. Прошу обновить программу КриптоАрм.,5
Ошибка антивируса. Ошибка подключения.,36
по услуге,27
"Черниговская Анна не может зайти в свою учетную запись. Черниговская Анна не может зайти в свою учетную запись Windows, по не понятным причинам. Просьба разобраться. Заранее спасибо! Телефон для связи +7(977)--99",11
Не работает АСД,37
"Прошу вас решить проблему в работе  PlanTracer, проблемы с отображением лестницы. Направляющая вылетает за пределы, и выглядит следующим образом:   Должна выглядеть так:   Название устройства: LEN-VDI-417        _ _С уважением,__  _ _техник ГБУ «Мосгоргеотрест»__   _ _Гыгыкова Меладзия__  _ _8-495-666 13 00 (доб. 9911)__  _ _8-921 999 50 50__  _ ___",36
FW: Модуль внеш.корр в СДО,18
"Прошу заменить старую клавиатуру (плохо работает,западают клавиши),т.к. очень сложно работать.Каб.308",10
"Прошу заменить  желтый картридж для принтера Xerox WorkCentre 6515 в комнате №619.  С Уважением,  Инженер 2 категории группы № 1 отдела № 9 ГБУ «Мосгоргеотрест» Кирюхин Александр Михайлович [akiryukhin@mggt.ru|mailto:akkhin@mggt.ru]",4
заявка не снимается,36
Прошу сделать переадресацию в система документооборота в период моего отпуска c 29.08.2022 08:00 по 04.09.2022 23:59:59 на Микова Карина Иосифовна <kmikova@MGGT.RU>,18
"восстановление почтового ящика. Прошу восстановить ранее подключенную почту ChebinaAV@str.mos.ru  С уважением, Ведущий инженер отдела №9 (ОПС) ГБУ «Мосгоргеотрест»  *_ *_Чебина Анна Виктровна_*_* т. (495) 530-20-22, доб. 1123  + +ops@mggt.ru++",13
Прошу разблокировать данные учетные записи для удаленной работы с геологической база данных на срок до 01.03.2022:,11
Просьба обновить отчет BI report,36
"Выдать УЗ, настроить. В - 3 - 11019/22|Корнакова|Дарья|Александровна|Отдел №3|*dkornakova*|*Hrc5lfze*|Пароль от базы – в почте.",11
После входа в ЕПС ( NosovDA@str.mos.ru ) выбрасывает из почты.. ,0
"Ошибка в СДО. Пропали все «Мои задачи». Ошибка в СДО. Пропали все «Мои задачи»      _ _С уважением,__   _ _Лапай Татьяна Александровна__   _ _Отдел инженерно-геодезических изысканий__   _ _ГБУ «Мосгоргеотрест»__  _ _тел. 8 (495) 530-20-22 (12-27)__",18
Переадресация в СДО,18
Нет подключения к почте. Прошу проверить работу почты. Нет возможности отправить сообщения заказчикам.  Спасибо.,3
выключился комп у Брежневой Т.А.,10
"Пользователь Мыкушкин Ян Васильев хотел бы отозвать сообщение, ""Список активных учетных записей ЕПС"".",36
Не могу открыть папку - ошибка (учетная запись сейчас отключена),36
"Восстановить почту  str.mos.ru . Прошу восстановить почту str.mos.ru Телефон для контакта +7999 131 24 80С уважением, Инженер 1-ой категории отдела №9 (ОПС) ГБУ «Мосгоргеотрест»  *_ *_* т. (499) 133 21 04 [gmelnicova@mggt.ru|mailto:gmelnicova@mggt.ru]",13
Пароль на str.mos.ru. случайно при смене пароля стояла русская раскладка клавиатуры. в результате смены пароля система новый пароль не принимает.,13
"Прошу установить на мой рабочий ПК програмное обеспечение Leica JetStream, хотя бы просмоторщик чтобы можно было делать замеры с файла облака точек",5
"Прошу прислать логин и пароль для единая почтовая система еще для одного сотрудника, который не помнит пароля: Савватевв Ярослав Викторович     *From:* Обухов Владимир Владимирович   *Sent:* Monday, August 29, 2022 2:48 PM  *To:* 'HelpDesk@mggt.ru'  *Subject:* Получение паролей единая почтовая система    Ответственный за получение паролей: Обухов Владимир Владимирович  Список сотрудников не имеющих почтовый ящик в домене  mggt.ru:  *1.*  *Воскресенский Алексей Иванович* 2.  *Рудаков Дмитрий Вадимович* – у него почтовый ящик есть, но он не помнит свой пароль и логин, так как работает в основном в поле. И не может посмотреть письмо с паролем и логином для единая почтовая система.    *_ *__*_*  *_ *__*_*  *_ *__*_*  *_ *__*_*  *_ *__*_*  *_ *__*_*  *_ *_С уважением,_*_*  *_ *_Обухов Владимир Владимирович_*_*  *_ *_Начальник группы инженерно-геофизических исследований_*_*  *_ *_Отдел №2_*_*  *_ *_ГБУ «Мосгоргеотрест»_*_*  *_ **_*",13
Учетные данные ЕПС для первоначального входа,13
Проблемы с входом в почту,13
база данных отвалилась.,37
"не проставляется номер счет-фактуры в этапах, не могу выпустить документы заказчику!. ",15
ошибка при отправке писем через СДО. СДО-При нажатии кнопки отправить на согласование письмо – долго крутит – и потом выдает –Ошибка при завершении задачи,18
Добавьте пожалуйста столбец коэф.сложности в отчёт:,36
"Просьба помочь разобраться с этим вопросом (письмо болтается уже 2 недели). Было 2 адресата по письму, ГУП Московский метрополитен и Департамент транспорта. Метрополитен делает возврат из-за адресата, Департамент в свою очередь принимает письмо и присваивает свой номер. Был подготовлен исправленный вариант для Метрополитена, но технически канцелярия не можем оправить. Не очень корректно будет просить Департамент отзывать свой номер спустя 2 недели.  Подскажите, пожалуйста, можно что-то с этим сделать? Как отправить в Метрополитен корректное письмо?       Письмо висит в отказных. Надо что то с этим делать. Перезвонить в Управление контроля и координации развития транспортного комплекса города Москвы чтоб они убрали свой регистрационный номер, чтоб я могла переподвязать заново документ. Просьба сообщить, если будет какая то информация по этому письму.",36
<Пустая тема>,36
"Проблема с записью на получение результатов (КГС), заказчики не могут записаться. Нет возможности вбить № договора.   *_С уважением,_*  *_Тропина Нина Владимировна_*  *_Начальник группы выдачи готовых материалов ОДиПД_*  *_ГБУ ""Мосгоргеотрест""_*  *_Эл.адрес: [ *_dogovor@mggt.ru_*|mailto:dogovor@mggt.ru]_*  *_Сайт: [ *_www.mggt.ru_*|http://www.mggt.ru/]_*  *_Телефон: (495) 530-20-22 доб.5623_*",36
"подключение АРМ Лавочкина 23а, к. 513",8
"Не могу начать работу, не работает microstation",15
IWDM,36
"Проблема с записью на получение результатов (КГС). Проблема с записью на получение результатов (КГС), заказчики не могут записаться. Нет возможности вбить № договора.   *_С уважением,_*  *_Тропина Нина Владимировна_*  *_Начальник группы выдачи готовых материалов ОДиПД_*  *_ГБУ ""Мосгоргеотрест""_*  *_Эл.адрес: [ *_dogovor@mggt.ru_*|mailto:dogovor@mggt.ru]_*  *_Сайт: [ *_www.mggt.ru_*|http://www.mggt.ru/]_*  *_Телефон: (495) 530-20-22 доб.5623_*",36
"Б/О ""Искра"". Ответственный за получение паролей в ЕПС для работников б/о «Искра» Алымова Галина Николаевна.",36
Включить копьютер,36
служба x2db. В связи с ошибками в очереди службы x2db сервера Infowatch TM (172.16.12.151) необходимо выполнить сбор диагностической информации в соответствии с инструкцией разработчика ПО.Данные диагностики прошу предоставить в Сектор ЗИ.,36
включение компьютера,23
"У меня не открываются файлы PDF присланные от начальства.   _С уважением,_  _Наталья Поклонская_  _ГБУ МОСГОРГЕОТРЕСТ_",36
Прошу проверить работу почты. Нет возможности отправить сообщения заказчикам.  Спасибо.,3
Ошибка,36
проблемы с почтой str.mos,3
Доступ к почте SyaitovaEA@str.mos.ru. ,0
"<Пустая тема>. Прошу заменить старую клавиатуру (плохо работает,западают клавиши),т.к. очень сложно работать.Каб.308",10
При выполнении территориального запроса ИЧ возникает ошибка. При выполнении территориального запроса ИЧ возникает ошибка:   Сама модель в итоге пустая и ИЧ не нарезались.,36
